,Experiment,Sample,Cells,Input_replicate,Input_adapter,Input_fastq,CLIP_replicate,CLIP_adapter,CLIP_fastq,RBP,Accession,phase
0,PABPN1_HepG2_5062,PABPN1_HepG2_5062,HepG2,1,/tscc/projects/ps-yeolab4/software/skipper/1.99.0/examples/inputs/InvRiL19.fasta,/tscc/projects/ps-yeolab4/seqdata/20230507_maya_zfp_cutrun_pe50/5062_INPUT1_S31_L001_R1_001.fastq.gz,1,/tscc/projects/ps-yeolab4/software/skipper/1.99.0/examples/inputs/InvRNA1.fasta,/tscc/projects/ps-yeolab4/seqdata/20230507_maya_zfp_cutrun_pe50/5062_IP1_S32_L001_R1_001.fastq.gz,PABPN1,5062,ENCORE2
1,PABPN1_HepG2_5062,PABPN1_HepG2_5062,HepG2,2,/tscc/projects/ps-yeolab4/software/skipper/1.99.0/examples/inputs/InvRiL19.fasta,/tscc/projects/ps-yeolab4/seqdata/20230507_maya_zfp_cutrun_pe50/5062_INPUT2_S33_L001_R1_001.fastq.gz,2,/tscc/projects/ps-yeolab4/software/skipper/1.99.0/examples/inputs/InvRNA1.fasta,/tscc/projects/ps-yeolab4/seqdata/20230507_maya_zfp_cutrun_pe50/5062_IP2_S34_L001_R1_001.fastq.gz,PABPN1,5062,ENCORE2
2,CDK9_HepG2_5063,CDK9_HepG2_5063,HepG2,1,/tscc/projects/ps-yeolab4/software/skipper/1.99.0/examples/inputs/InvRiL19.fasta,/tscc/projects/ps-yeolab4/seqdata/20230507_maya_zfp_cutrun_pe50/5063_INPUT1_S35_L001_R1_001.fastq.gz,1,/tscc/projects/ps-yeolab4/software/skipper/1.99.0/examples/inputs/InvRNA1.fasta,/tscc/projects/ps-yeolab4/seqdata/20230507_maya_zfp_cutrun_pe50/5063_IP1_S36_L001_R1_001.fastq.gz,CDK9,5063,ENCORE2
3,CDK9_HepG2_5063,CDK9_HepG2_5063,HepG2,2,/tscc/projects/ps-yeolab4/software/skipper/1.99.0/examples/inputs/InvRiL19.fasta,/tscc/projects/ps-yeolab4/seqdata/20230507_maya_zfp_cutrun_pe50/5063_INPUT2_S37_L001_R1_001.fastq.gz,2,/tscc/projects/ps-yeolab4/software/skipper/1.99.0/examples/inputs/InvRNA1.fasta,/tscc/projects/ps-yeolab4/seqdata/20230507_maya_zfp_cutrun_pe50/5063_IP2_S38_L001_R1_001.fastq.gz,CDK9,5063,ENCORE2
4,RACK1_HepG2_5067,RACK1_HepG2_5067,HepG2,1,/tscc/projects/ps-yeolab4/software/skipper/1.99.0/examples/inputs/InvRiL19.fasta,/tscc/projects/ps-yeolab4/seqdata/20230507_maya_zfp_cutrun_pe50/5067_INPUT1_S51_L002_R1_001.fastq.gz,1,/tscc/projects/ps-yeolab4/software/skipper/1.99.0/examples/inputs/InvRNA1.fasta,/tscc/projects/ps-yeolab4/seqdata/20230507_maya_zfp_cutrun_pe50/5067_IP1_S52_L002_R1_001.fastq.gz,RACK1,5067,ENCORE2
5,RACK1_HepG2_5067,RACK1_HepG2_5067,HepG2,2,/tscc/projects/ps-yeolab4/software/skipper/1.99.0/examples/inputs/InvRiL19.fasta,/tscc/projects/ps-yeolab4/seqdata/20230507_maya_zfp_cutrun_pe50/5067_INPUT2_S53_L002_R1_001.fastq.gz,2,/tscc/projects/ps-yeolab4/software/skipper/1.99.0/examples/inputs/InvRNA1.fasta,/tscc/projects/ps-yeolab4/seqdata/20230507_maya_zfp_cutrun_pe50/5067_IP2_S54_L002_R1_001.fastq.gz,RACK1,5067,ENCORE2
0,DEK_HepG2_4020,DEK_HepG2_4020,HepG2,1,/tscc/projects/ps-yeolab4/software/skipper/bb63a25/examples/inputs/InvRNA5.fasta,/tscc/projects/ps-yeolab4/seqdata/20190314_Encode_Stefan_Chaim_eCLIP/igm-storage1.ucsd.edu/190312_K00180_0768_AHYGGTBBXX_SR75_Combo/4020_INPUT1_S17_L007_R1_001.fastq.gz,1,/tscc/projects/ps-yeolab4/software/skipper/bb63a25/examples/inputs/InvRNA1.fasta,/tscc/projects/ps-yeolab4/seqdata/20190314_Encode_Stefan_Chaim_eCLIP/igm-storage1.ucsd.edu/190312_K00180_0768_AHYGGTBBXX_SR75_Combo/4020_CLIP1_S18_L007_R1_001.fastq.gz,DEK,4020,ENCORE
1,DEK_HepG2_4020,DEK_HepG2_4020,HepG2,2,/tscc/projects/ps-yeolab4/software/skipper/bb63a25/examples/inputs/InvRNA5.fasta,/tscc/projects/ps-yeolab4/seqdata/20190314_Encode_Stefan_Chaim_eCLIP/igm-storage1.ucsd.edu/190312_K00180_0768_AHYGGTBBXX_SR75_Combo/4020_INPUT2_S19_L007_R1_001.fastq.gz,2,/tscc/projects/ps-yeolab4/software/skipper/bb63a25/examples/inputs/InvRNA1.fasta,/tscc/projects/ps-yeolab4/seqdata/20190314_Encode_Stefan_Chaim_eCLIP/igm-storage1.ucsd.edu/190312_K00180_0768_AHYGGTBBXX_SR75_Combo/4020_CLIP2_S20_L007_R1_001.fastq.gz,DEK,4020,ENCORE
2,PSMA1_HepG2_4022,PSMA1_HepG2_4022,HepG2,1,/tscc/projects/ps-yeolab4/software/skipper/bb63a25/examples/inputs/InvRNA5.fasta,/tscc/projects/ps-yeolab4/seqdata/20190314_Encode_Stefan_Chaim_eCLIP/igm-storage1.ucsd.edu/190312_K00180_0768_AHYGGTBBXX_SR75_Combo/4022_INPUT1_S13_L006_R1_001.fastq.gz,1,/tscc/projects/ps-yeolab4/software/skipper/bb63a25/examples/inputs/InvRNA1.fasta,/tscc/projects/ps-yeolab4/seqdata/20190314_Encode_Stefan_Chaim_eCLIP/igm-storage1.ucsd.edu/190312_K00180_0768_AHYGGTBBXX_SR75_Combo/4022_CLIP1_S14_L006_R1_001.fastq.gz,PSMA1,4022,ENCORE
3,PSMA1_HepG2_4022,PSMA1_HepG2_4022,HepG2,2,/tscc/projects/ps-yeolab4/software/skipper/bb63a25/examples/inputs/InvRNA5.fasta,/tscc/projects/ps-yeolab4/seqdata/20190314_Encode_Stefan_Chaim_eCLIP/igm-storage1.ucsd.edu/190312_K00180_0768_AHYGGTBBXX_SR75_Combo/4022_INPUT2_S15_L006_R1_001.fastq.gz,2,/tscc/projects/ps-yeolab4/software/skipper/bb63a25/examples/inputs/InvRNA1.fasta,/tscc/projects/ps-yeolab4/seqdata/20190314_Encode_Stefan_Chaim_eCLIP/igm-storage1.ucsd.edu/190312_K00180_0768_AHYGGTBBXX_SR75_Combo/4022_CLIP2_S16_L006_R1_001.fastq.gz,PSMA1,4022,ENCORE
4,RBFOX3_HepG2_4023,RBFOX3_HepG2_4023,HepG2,1,/tscc/projects/ps-yeolab4/software/skipper/bb63a25/examples/inputs/InvRNA5.fasta,/tscc/projects/ps-yeolab4/seqdata/20190314_Encode_Stefan_Chaim_eCLIP/igm-storage1.ucsd.edu/190312_K00180_0768_AHYGGTBBXX_SR75_Combo/4023_INPUT1_S21_L007_R1_001.fastq.gz,1,/tscc/projects/ps-yeolab4/software/skipper/bb63a25/examples/inputs/InvRNA1.fasta,/tscc/projects/ps-yeolab4/seqdata/20190314_Encode_Stefan_Chaim_eCLIP/igm-storage1.ucsd.edu/190312_K00180_0768_AHYGGTBBXX_SR75_Combo/4023_CLIP1_S22_L007_R1_001.fastq.gz,RBFOX3,4023,ENCORE
5,RBFOX3_HepG2_4023,RBFOX3_HepG2_4023,HepG2,2,/tscc/projects/ps-yeolab4/software/skipper/bb63a25/examples/inputs/InvRNA5.fasta,/tscc/projects/ps-yeolab4/seqdata/20190314_Encode_Stefan_Chaim_eCLIP/igm-storage1.ucsd.edu/190312_K00180_0768_AHYGGTBBXX_SR75_Combo/4023_INPUT2_S23_L007_R1_001.fastq.gz,2,/tscc/projects/ps-yeolab4/software/skipper/bb63a25/examples/inputs/InvRNA1.fasta,/tscc/projects/ps-yeolab4/seqdata/20190314_Encode_Stefan_Chaim_eCLIP/igm-storage1.ucsd.edu/190312_K00180_0768_AHYGGTBBXX_SR75_Combo/4023_CLIP2_S24_L007_R1_001.fastq.gz,RBFOX3,4023,ENCORE
6,FXR2_HepG2_4098,FXR2_HepG2_4098,HepG2,1,/tscc/projects/ps-yeolab4/software/skipper/bb63a25/examples/inputs/InvRiL19.fasta,/tscc/projects/ps-yeolab4/seqdata/20190923_eric_encore_clips/igm-storage1.ucsd.edu/190911_K00180_0897_BH5MNFBBXY_SR75_Combo_2/4098_INPUT1_S3_L008_R1_001.fastq.gz,1,/tscc/projects/ps-yeolab4/software/skipper/bb63a25/examples/inputs/InvRNA2.fasta,/tscc/projects/ps-yeolab4/seqdata/20190923_eric_encore_clips/igm-storage1.ucsd.edu/190911_K00180_0897_BH5MNFBBXY_SR75_Combo_2/4098_CLIP1_S1_L008_R1_001.fastq.gz,FXR2,4098,ENCORE
7,FXR2_HepG2_4098,FXR2_HepG2_4098,HepG2,2,/tscc/projects/ps-yeolab4/software/skipper/bb63a25/examples/inputs/InvRiL19.fasta,/tscc/projects/ps-yeolab4/seqdata/20190923_eric_encore_clips/igm-storage1.ucsd.edu/190911_K00180_0897_BH5MNFBBXY_SR75_Combo_2/4098_INPUT2_S4_L008_R1_001.fastq.gz,2,/tscc/projects/ps-yeolab4/software/skipper/bb63a25/examples/inputs/InvRNA2.fasta,/tscc/projects/ps-yeolab4/seqdata/20190923_eric_encore_clips/igm-storage1.ucsd.edu/190911_K00180_0897_BH5MNFBBXY_SR75_Combo_2/4098_CLIP2_S2_L008_R1_001.fastq.gz,FXR2,4098,ENCORE
8,TARDBP_HepG2_4110,TARDBP_HepG2_4110,HepG2,1,/tscc/projects/ps-yeolab4/software/skipper/bb63a25/examples/inputs/InvRiL19.fasta,/tscc/projects/ps-yeolab4/seqdata/20190923_eric_encore_clips/igm-storage1.ucsd.edu/190911_K00180_0897_BH5MNFBBXY_SR75_Combo_2/4110_INPUT1_S11_L008_R1_001.fastq.gz,1,/tscc/projects/ps-yeolab4/software/skipper/bb63a25/examples/inputs/InvRNA4.fasta,/tscc/projects/ps-yeolab4/seqdata/20190923_eric_encore_clips/igm-storage1.ucsd.edu/190911_K00180_0897_BH5MNFBBXY_SR75_Combo_2/4110_CLIP1_S9_L008_R1_001.fastq.gz,TARDBP,4110,ENCORE
9,TARDBP_HepG2_4110,TARDBP_HepG2_4110,HepG2,2,/tscc/projects/ps-yeolab4/software/skipper/bb63a25/examples/inputs/InvRiL19.fasta,/tscc/projects/ps-yeolab4/seqdata/20190923_eric_encore_clips/igm-storage1.ucsd.edu/190911_K00180_0897_BH5MNFBBXY_SR75_Combo_2/4110_INPUT2_S12_L008_R1_001.fastq.gz,2,/tscc/projects/ps-yeolab4/software/skipper/bb63a25/examples/inputs/InvRNA4.fasta,/tscc/projects/ps-yeolab4/seqdata/20190923_eric_encore_clips/igm-storage1.ucsd.edu/190911_K00180_0897_BH5MNFBBXY_SR75_Combo_2/4110_CLIP2_S10_L008_R1_001.fastq.gz,TARDBP,4110,ENCORE
10,NCL_HepG2_4069,NCL_HepG2_4069,HepG2,1,/tscc/projects/ps-yeolab4/software/skipper/bb63a25/examples/inputs/InvRiL19.fasta,/tscc/projects/ps-yeolab4/seqdata/20191017_191011_K00180_0912_BH5LVTBBXY_SR75_Combo/4069_A_IN_S28_L007_R1_001.fastq.gz,1,/tscc/projects/ps-yeolab4/software/skipper/bb63a25/examples/inputs/InvRNA3.fasta,/tscc/projects/ps-yeolab4/seqdata/20191017_191011_K00180_0912_BH5LVTBBXY_SR75_Combo/4069_A_IP_S26_L007_R1_001.fastq.gz,NCL,4069,ENCORE
11,NCL_HepG2_4069,NCL_HepG2_4069,HepG2,2,/tscc/projects/ps-yeolab4/software/skipper/bb63a25/examples/inputs/InvRiL19.fasta,/tscc/projects/ps-yeolab4/seqdata/20191017_191011_K00180_0912_BH5LVTBBXY_SR75_Combo/4069_B_IN_S29_L007_R1_001.fastq.gz,2,/tscc/projects/ps-yeolab4/software/skipper/bb63a25/examples/inputs/InvRNA3.fasta,/tscc/projects/ps-yeolab4/seqdata/20191017_191011_K00180_0912_BH5LVTBBXY_SR75_Combo/4069_B_IP_S27_L007_R1_001.fastq.gz,NCL,4069,ENCORE
12,DDX47_HepG2_4071,DDX47_HepG2_4071,HepG2,1,/tscc/projects/ps-yeolab4/software/skipper/bb63a25/examples/inputs/InvRiL19.fasta,/tscc/projects/ps-yeolab4/seqdata/20191017_191011_K00180_0912_BH5LVTBBXY_SR75_Combo/4071_A_IN_S48_L008_R1_001.fastq.gz,1,/tscc/projects/ps-yeolab4/software/skipper/bb63a25/examples/inputs/InvRNA3.fasta,/tscc/projects/ps-yeolab4/seqdata/20191017_191011_K00180_0912_BH5LVTBBXY_SR75_Combo/4071_A_IP_S46_L008_R1_001.fastq.gz,DDX47,4071,ENCORE
13,DDX47_HepG2_4071,DDX47_HepG2_4071,HepG2,2,/tscc/projects/ps-yeolab4/software/skipper/bb63a25/examples/inputs/InvRiL19.fasta,/tscc/projects/ps-yeolab4/seqdata/20191017_191011_K00180_0912_BH5LVTBBXY_SR75_Combo/4071_B_IN_S49_L008_R1_001.fastq.gz,2,/tscc/projects/ps-yeolab4/software/skipper/bb63a25/examples/inputs/InvRNA3.fasta,/tscc/projects/ps-yeolab4/seqdata/20191017_191011_K00180_0912_BH5LVTBBXY_SR75_Combo/4071_B_IP_S47_L008_R1_001.fastq.gz,DDX47,4071,ENCORE
14,EIF4E_HepG2_4082,EIF4E_HepG2_4082,HepG2,1,/tscc/projects/ps-yeolab4/software/skipper/bb63a25/examples/inputs/InvRiL19.fasta,/tscc/projects/ps-yeolab4/seqdata/20200204_encode_florian_clips/igm-storage2.ucsd.edu/191206_A00953_0034_AHH7JMDRXX/Fastq/4082_INPUT1_S9_L001_R1_001.fastq.gz,1,/tscc/projects/ps-yeolab4/software/skipper/bb63a25/examples/inputs/InvRNA4.fasta,/tscc/projects/ps-yeolab4/seqdata/20200204_encode_florian_clips/igm-storage2.ucsd.edu/191206_A00953_0034_AHH7JMDRXX/Fastq/4082_CLIP1_S10_L001_R1_001.fastq.gz,EIF4E,4082,ENCORE
15,EIF4E_HepG2_4082,EIF4E_HepG2_4082,HepG2,2,/tscc/projects/ps-yeolab4/software/skipper/bb63a25/examples/inputs/InvRiL19.fasta,/tscc/projects/ps-yeolab4/seqdata/20200204_encode_florian_clips/igm-storage2.ucsd.edu/191206_A00953_0034_AHH7JMDRXX/Fastq/4082_INPUT2_S11_L001_R1_001.fastq.gz,2,/tscc/projects/ps-yeolab4/software/skipper/bb63a25/examples/inputs/InvRNA4.fasta,/tscc/projects/ps-yeolab4/seqdata/20200204_encode_florian_clips/igm-storage2.ucsd.edu/191206_A00953_0034_AHH7JMDRXX/Fastq/4082_CLIP2_S12_L001_R1_001.fastq.gz,EIF4E,4082,ENCORE
16,UBCH7_HepG2_4072,UBCH7_HepG2_4072,HepG2,1,/tscc/projects/ps-yeolab4/software/skipper/bb63a25/examples/inputs/InvRiL19.fasta,/tscc/projects/ps-yeolab4/seqdata/20200204_encode_florian_clips/igm-storage2.ucsd.edu/191206_A00953_0034_AHH7JMDRXX/Fastq/4072_INPUT1_S31_L002_R1_001.fastq.gz,1,/tscc/projects/ps-yeolab4/software/skipper/bb63a25/examples/inputs/InvRNA3.fasta,/tscc/projects/ps-yeolab4/seqdata/20200204_encode_florian_clips/igm-storage2.ucsd.edu/191206_A00953_0034_AHH7JMDRXX/Fastq/4072_CLIP1_S32_L002_R1_001.fastq.gz,UBCH7,4072,ENCORE
17,UBCH7_HepG2_4072,UBCH7_HepG2_4072,HepG2,2,/tscc/projects/ps-yeolab4/software/skipper/bb63a25/examples/inputs/InvRiL19.fasta,/tscc/projects/ps-yeolab4/seqdata/20200204_encode_florian_clips/igm-storage2.ucsd.edu/191206_A00953_0034_AHH7JMDRXX/Fastq/4072_INPUT2_S33_L002_R1_001.fastq.gz,2,/tscc/projects/ps-yeolab4/software/skipper/bb63a25/examples/inputs/InvRNA3.fasta,/tscc/projects/ps-yeolab4/seqdata/20200204_encode_florian_clips/igm-storage2.ucsd.edu/191206_A00953_0034_AHH7JMDRXX/Fastq/4072_CLIP2_S34_L002_R1_001.fastq.gz,UBCH7,4072,ENCORE
18,APEX1_HepG2_4081,APEX1_HepG2_4081,HepG2,1,/tscc/projects/ps-yeolab4/software/skipper/bb63a25/examples/inputs/InvRiL19.fasta,/tscc/projects/ps-yeolab4/seqdata/20200204_encode_florian_clips/igm-storage2.ucsd.edu/191206_A00953_0034_AHH7JMDRXX/Fastq/4081_INPUT1_S35_L002_R1_001.fastq.gz,1,/tscc/projects/ps-yeolab4/software/skipper/bb63a25/examples/inputs/InvRNA4.fasta,/tscc/projects/ps-yeolab4/seqdata/20200204_encode_florian_clips/igm-storage2.ucsd.edu/191206_A00953_0034_AHH7JMDRXX/Fastq/4081_CLIP1_S36_L002_R1_001.fastq.gz,APEX1,4081,ENCORE
19,APEX1_HepG2_4081,APEX1_HepG2_4081,HepG2,2,/tscc/projects/ps-yeolab4/software/skipper/bb63a25/examples/inputs/InvRiL19.fasta,/tscc/projects/ps-yeolab4/seqdata/20200204_encode_florian_clips/igm-storage2.ucsd.edu/191206_A00953_0034_AHH7JMDRXX/Fastq/4081_INPUT2_S37_L002_R1_001.fastq.gz,2,/tscc/projects/ps-yeolab4/software/skipper/bb63a25/examples/inputs/InvRNA4.fasta,/tscc/projects/ps-yeolab4/seqdata/20200204_encode_florian_clips/igm-storage2.ucsd.edu/191206_A00953_0034_AHH7JMDRXX/Fastq/4081_CLIP2_S38_L002_R1_001.fastq.gz,APEX1,4081,ENCORE
20,ELAVL1_HepG2_4083,ELAVL1_HepG2_4083,HepG2,1,/tscc/projects/ps-yeolab4/software/skipper/bb63a25/examples/inputs/InvRiL19.fasta,/tscc/projects/ps-yeolab4/seqdata/20200204_encode_florian_clips/igm-storage2.ucsd.edu/191206_A00953_0034_AHH7JMDRXX/Fastq/4083_INPUT1_S43_L002_R1_001.fastq.gz,1,/tscc/projects/ps-yeolab4/software/skipper/bb63a25/examples/inputs/InvRNA4.fasta,/tscc/projects/ps-yeolab4/seqdata/20200204_encode_florian_clips/igm-storage2.ucsd.edu/191206_A00953_0034_AHH7JMDRXX/Fastq/4083_CLIP1_S44_L002_R1_001.fastq.gz,ELAVL1,4083,ENCORE
21,ELAVL1_HepG2_4083,ELAVL1_HepG2_4083,HepG2,2,/tscc/projects/ps-yeolab4/software/skipper/bb63a25/examples/inputs/InvRiL19.fasta,/tscc/projects/ps-yeolab4/seqdata/20200204_encode_florian_clips/igm-storage2.ucsd.edu/191206_A00953_0034_AHH7JMDRXX/Fastq/4083_INPUT2_S45_L002_R1_001.fastq.gz,2,/tscc/projects/ps-yeolab4/software/skipper/bb63a25/examples/inputs/InvRNA4.fasta,/tscc/projects/ps-yeolab4/seqdata/20200204_encode_florian_clips/igm-storage2.ucsd.edu/191206_A00953_0034_AHH7JMDRXX/Fastq/4083_CLIP2_S46_L002_R1_001.fastq.gz,ELAVL1,4083,ENCORE
22,EIF2B3_HepG2_4097,EIF2B3_HepG2_4097,HepG2,1,/tscc/projects/ps-yeolab4/software/skipper/bb63a25/examples/inputs/InvRiL19.fasta,/tscc/projects/ps-yeolab4/seqdata/20191217_bennett_garshott_rnf10/4097_INPUT1_S9_L001_R1_001.fastq.gz,1,/tscc/projects/ps-yeolab4/software/skipper/bb63a25/examples/inputs/InvRNA2.fasta,/tscc/projects/ps-yeolab4/seqdata/20191217_bennett_garshott_rnf10/4097_CLIP1_S10_L001_R1_001.fastq.gz,EIF2B3,4097,ENCORE
23,EIF2B3_HepG2_4097,EIF2B3_HepG2_4097,HepG2,2,/tscc/projects/ps-yeolab4/software/skipper/bb63a25/examples/inputs/InvRiL19.fasta,/tscc/projects/ps-yeolab4/seqdata/20191217_bennett_garshott_rnf10/4097_INPUT2_S11_L001_R1_001.fastq.gz,2,/tscc/projects/ps-yeolab4/software/skipper/bb63a25/examples/inputs/InvRNA2.fasta,/tscc/projects/ps-yeolab4/seqdata/20191217_bennett_garshott_rnf10/4097_CLIP2_S12_L001_R1_001.fastq.gz,EIF2B3,4097,ENCORE
24,CTCF_HepG2_4111,CTCF_HepG2_4111,HepG2,1,/tscc/projects/ps-yeolab4/software/skipper/bb63a25/examples/inputs/InvRiL19.fasta,/tscc/projects/ps-yeolab4/seqdata/20191217_bennett_garshott_rnf10/4111_INPUT1_S21_L001_R1_001.fastq.gz,1,/tscc/projects/ps-yeolab4/software/skipper/bb63a25/examples/inputs/InvRNA1.fasta,/tscc/projects/ps-yeolab4/seqdata/20191217_bennett_garshott_rnf10/4111_CLIP1_S22_L001_R1_001.fastq.gz,CTCF,4111,ENCORE
25,CTCF_HepG2_4111,CTCF_HepG2_4111,HepG2,2,/tscc/projects/ps-yeolab4/software/skipper/bb63a25/examples/inputs/InvRiL19.fasta,/tscc/projects/ps-yeolab4/seqdata/20191217_bennett_garshott_rnf10/4111_INPUT2_S23_L001_R1_001.fastq.gz,2,/tscc/projects/ps-yeolab4/software/skipper/bb63a25/examples/inputs/InvRNA1.fasta,/tscc/projects/ps-yeolab4/seqdata/20191217_bennett_garshott_rnf10/4111_CLIP2_S24_L001_R1_001.fastq.gz,CTCF,4111,ENCORE
26,EEF2_HepG2_4107,EEF2_HepG2_4107,HepG2,1,/tscc/projects/ps-yeolab4/software/skipper/bb63a25/examples/inputs/InvRiL19.fasta,/tscc/projects/ps-yeolab4/seqdata/20191217_bennett_garshott_rnf10/4107_INPUT1_S26_L002_R1_001.fastq.gz,1,/tscc/projects/ps-yeolab4/software/skipper/bb63a25/examples/inputs/InvRNA4.fasta,/tscc/projects/ps-yeolab4/seqdata/20191217_bennett_garshott_rnf10/4107_CLIP1_S27_L002_R1_001.fastq.gz,EEF2,4107,ENCORE
27,EEF2_HepG2_4107,EEF2_HepG2_4107,HepG2,2,/tscc/projects/ps-yeolab4/software/skipper/bb63a25/examples/inputs/InvRiL19.fasta,/tscc/projects/ps-yeolab4/seqdata/20191217_bennett_garshott_rnf10/4107_INPUT2_S28_L002_R1_001.fastq.gz,2,/tscc/projects/ps-yeolab4/software/skipper/bb63a25/examples/inputs/InvRNA4.fasta,/tscc/projects/ps-yeolab4/seqdata/20191217_bennett_garshott_rnf10/4107_CLIP2_S29_L002_R1_001.fastq.gz,EEF2,4107,ENCORE
28,GARS_HepG2_4108,GARS_HepG2_4108,HepG2,1,/tscc/projects/ps-yeolab4/software/skipper/bb63a25/examples/inputs/InvRiL19.fasta,/tscc/projects/ps-yeolab4/seqdata/20191217_bennett_garshott_rnf10/4108_INPUT1_S30_L002_R1_001.fastq.gz,1,/tscc/projects/ps-yeolab4/software/skipper/bb63a25/examples/inputs/InvRNA4.fasta,/tscc/projects/ps-yeolab4/seqdata/20191217_bennett_garshott_rnf10/4108_CLIP1_S31_L002_R1_001.fastq.gz,GARS,4108,ENCORE
29,GARS_HepG2_4108,GARS_HepG2_4108,HepG2,2,/tscc/projects/ps-yeolab4/software/skipper/bb63a25/examples/inputs/InvRiL19.fasta,/tscc/projects/ps-yeolab4/seqdata/20191217_bennett_garshott_rnf10/4108_INPUT2_S32_L002_R1_001.fastq.gz,2,/tscc/projects/ps-yeolab4/software/skipper/bb63a25/examples/inputs/InvRNA4.fasta,/tscc/projects/ps-yeolab4/seqdata/20191217_bennett_garshott_rnf10/4108_CLIP2_S33_L002_R1_001.fastq.gz,GARS,4108,ENCORE
30,KPNB1_HepG2_4109,KPNB1_HepG2_4109,HepG2,1,/tscc/projects/ps-yeolab4/software/skipper/bb63a25/examples/inputs/InvRiL19.fasta,/tscc/projects/ps-yeolab4/seqdata/20191217_bennett_garshott_rnf10/4109_INPUT1_S34_L002_R1_001.fastq.gz,1,/tscc/projects/ps-yeolab4/software/skipper/bb63a25/examples/inputs/InvRNA4.fasta,/tscc/projects/ps-yeolab4/seqdata/20191217_bennett_garshott_rnf10/4109_CLIP1_S35_L002_R1_001.fastq.gz,KPNB1,4109,ENCORE
31,KPNB1_HepG2_4109,KPNB1_HepG2_4109,HepG2,2,/tscc/projects/ps-yeolab4/software/skipper/bb63a25/examples/inputs/InvRiL19.fasta,/tscc/projects/ps-yeolab4/seqdata/20191217_bennett_garshott_rnf10/4109_INPUT2_S36_L002_R1_001.fastq.gz,2,/tscc/projects/ps-yeolab4/software/skipper/bb63a25/examples/inputs/InvRNA4.fasta,/tscc/projects/ps-yeolab4/seqdata/20191217_bennett_garshott_rnf10/4109_CLIP2_S37_L002_R1_001.fastq.gz,KPNB1,4109,ENCORE
32,PRPF39_HepG2_4114,PRPF39_HepG2_4114,HepG2,1,/tscc/projects/ps-yeolab4/software/skipper/bb63a25/examples/inputs/InvRiL19.fasta,/tscc/projects/ps-yeolab4/seqdata/20191217_bennett_garshott_rnf10/4114_INPUT1_S38_L002_R1_001.fastq.gz,1,/tscc/projects/ps-yeolab4/software/skipper/bb63a25/examples/inputs/InvRNA1.fasta,/tscc/projects/ps-yeolab4/seqdata/20191217_bennett_garshott_rnf10/4114_CLIP1_S39_L002_R1_001.fastq.gz,PRPF39,4114,ENCORE
33,PRPF39_HepG2_4114,PRPF39_HepG2_4114,HepG2,2,/tscc/projects/ps-yeolab4/software/skipper/bb63a25/examples/inputs/InvRiL19.fasta,/tscc/projects/ps-yeolab4/seqdata/20191217_bennett_garshott_rnf10/4114_INPUT2_S40_L002_R1_001.fastq.gz,2,/tscc/projects/ps-yeolab4/software/skipper/bb63a25/examples/inputs/InvRNA1.fasta,/tscc/projects/ps-yeolab4/seqdata/20191217_bennett_garshott_rnf10/4114_CLIP2_S41_L002_R1_001.fastq.gz,PRPF39,4114,ENCORE
34,SF3A1_HepG2_4117,SF3A1_HepG2_4117,HepG2,1,/tscc/projects/ps-yeolab4/software/skipper/bb63a25/examples/inputs/InvRiL19.fasta,/tscc/projects/ps-yeolab4/seqdata/20191217_bennett_garshott_rnf10/4117_INPUT1_S46_L002_R1_001.fastq.gz,1,/tscc/projects/ps-yeolab4/software/skipper/bb63a25/examples/inputs/InvRNA4.fasta,/tscc/projects/ps-yeolab4/seqdata/20191217_bennett_garshott_rnf10/4117_CLIP1_S47_L002_R1_001.fastq.gz,SF3A1,4117,ENCORE
35,SF3A1_HepG2_4117,SF3A1_HepG2_4117,HepG2,2,/tscc/projects/ps-yeolab4/software/skipper/bb63a25/examples/inputs/InvRiL19.fasta,/tscc/projects/ps-yeolab4/seqdata/20191217_bennett_garshott_rnf10/4117_INPUT2_S48_L002_R1_001.fastq.gz,2,/tscc/projects/ps-yeolab4/software/skipper/bb63a25/examples/inputs/InvRNA4.fasta,/tscc/projects/ps-yeolab4/seqdata/20191217_bennett_garshott_rnf10/4117_CLIP2_S49_L002_R1_001.fastq.gz,SF3A1,4117,ENCORE
36,NONO_HepG2_4084,NONO_HepG2_4084,HepG2,1,/tscc/projects/ps-yeolab4/software/skipper/bb63a25/examples/inputs/InvRiL19.fasta,/tscc/projects/ps-yeolab4/seqdata/20200226_encore_clips/igm-storage2.ucsd.edu/200226_K00180_0951_AHGHJFBBXY_SR75_Combo/4084_INPUT1_S51_L004_R1_001.fastq.gz,1,/tscc/projects/ps-yeolab4/software/skipper/bb63a25/examples/inputs/InvRNA4.fasta,/tscc/projects/ps-yeolab4/seqdata/20200226_encore_clips/igm-storage2.ucsd.edu/200226_K00180_0951_AHGHJFBBXY_SR75_Combo/4084_CLIP1_S52_L004_R1_001.fastq.gz,NONO,4084,ENCORE
37,NONO_HepG2_4084,NONO_HepG2_4084,HepG2,2,/tscc/projects/ps-yeolab4/software/skipper/bb63a25/examples/inputs/InvRiL19.fasta,/tscc/projects/ps-yeolab4/seqdata/20200226_encore_clips/igm-storage2.ucsd.edu/200226_K00180_0951_AHGHJFBBXY_SR75_Combo/4084_INPUT2_S53_L004_R1_001.fastq.gz,2,/tscc/projects/ps-yeolab4/software/skipper/bb63a25/examples/inputs/InvRNA4.fasta,/tscc/projects/ps-yeolab4/seqdata/20200226_encore_clips/igm-storage2.ucsd.edu/200226_K00180_0951_AHGHJFBBXY_SR75_Combo/4084_CLIP2_S54_L004_R1_001.fastq.gz,NONO,4084,ENCORE
38,RECQ1_HepG2_4070,RECQ1_HepG2_4070,HepG2,1,/tscc/projects/ps-yeolab4/software/skipper/bb63a25/examples/inputs/InvRiL19.fasta,/tscc/projects/ps-yeolab4/seqdata/20200313_encore_clips/igm-storage2.ucsd.edu/200313_A00953_0080_AHK7LTDRXX/Fastq/4070_IN1_S117_L002_R1_001.fastq.gz,1,/tscc/projects/ps-yeolab4/software/skipper/bb63a25/examples/inputs/InvRNA3.fasta,/tscc/projects/ps-yeolab4/seqdata/20200313_encore_clips/igm-storage2.ucsd.edu/200313_A00953_0080_AHK7LTDRXX/Fastq/4070_CLIP1_S118_L002_R1_001.fastq.gz,RECQ1,4070,ENCORE
39,RECQ1_HepG2_4070,RECQ1_HepG2_4070,HepG2,2,/tscc/projects/ps-yeolab4/software/skipper/bb63a25/examples/inputs/InvRiL19.fasta,/tscc/projects/ps-yeolab4/seqdata/20200313_encore_clips/igm-storage2.ucsd.edu/200313_A00953_0080_AHK7LTDRXX/Fastq/4070_IN2_S119_L002_R1_001.fastq.gz,2,/tscc/projects/ps-yeolab4/software/skipper/bb63a25/examples/inputs/InvRNA3.fasta,/tscc/projects/ps-yeolab4/seqdata/20200313_encore_clips/igm-storage2.ucsd.edu/200313_A00953_0080_AHK7LTDRXX/Fastq/4070_CLIP2_S120_L002_R1_001.fastq.gz,RECQ1,4070,ENCORE
40,SNRPA1_HepG2_4203,SNRPA1_HepG2_4203,HepG2,1,/tscc/projects/ps-yeolab4/software/skipper/bb63a25/examples/inputs/InvRiL19.fasta,/tscc/projects/ps-yeolab4/seqdata/20201106_encore_clips/igm-storage2.ucsd.edu/201101_K00180_0992_AHJ72VBBXY_SR75_Yeo/Fastq/4203_IN1_R_S42_L003_R1_001.fastq.gz,1,/tscc/projects/ps-yeolab4/software/skipper/bb63a25/examples/inputs/InvRNA4.fasta,/tscc/projects/ps-yeolab4/seqdata/20201106_encore_clips/igm-storage2.ucsd.edu/201101_K00180_0992_AHJ72VBBXY_SR75_Yeo/Fastq/4203_CLIP1_R_S43_L003_R1_001.fastq.gz,SNRPA1,4203,ENCORE
41,SNRPA1_HepG2_4203,SNRPA1_HepG2_4203,HepG2,2,/tscc/projects/ps-yeolab4/software/skipper/bb63a25/examples/inputs/InvRiL19.fasta,/tscc/projects/ps-yeolab4/seqdata/20201106_encore_clips/igm-storage2.ucsd.edu/201101_K00180_0992_AHJ72VBBXY_SR75_Yeo/Fastq/4203_IN2_R_S44_L003_R1_001.fastq.gz,2,/tscc/projects/ps-yeolab4/software/skipper/bb63a25/examples/inputs/InvRNA4.fasta,/tscc/projects/ps-yeolab4/seqdata/20201106_encore_clips/igm-storage2.ucsd.edu/201101_K00180_0992_AHJ72VBBXY_SR75_Yeo/Fastq/4203_CLIP2_R_S45_L003_R1_001.fastq.gz,SNRPA1,4203,ENCORE
42,SNRPD3_HepG2_4204,SNRPD3_HepG2_4204,HepG2,1,/tscc/projects/ps-yeolab4/software/skipper/bb63a25/examples/inputs/InvRiL19.fasta,/tscc/projects/ps-yeolab4/seqdata/20201106_encore_clips/igm-storage2.ucsd.edu/201101_K00180_0992_AHJ72VBBXY_SR75_Yeo/Fastq/4204_IN1_R_S46_L003_R1_001.fastq.gz,1,/tscc/projects/ps-yeolab4/software/skipper/bb63a25/examples/inputs/InvRNA4.fasta,/tscc/projects/ps-yeolab4/seqdata/20201106_encore_clips/igm-storage2.ucsd.edu/201101_K00180_0992_AHJ72VBBXY_SR75_Yeo/Fastq/4204_CLIP1_R_S47_L003_R1_001.fastq.gz,SNRPD3,4204,ENCORE
43,SNRPD3_HepG2_4204,SNRPD3_HepG2_4204,HepG2,2,/tscc/projects/ps-yeolab4/software/skipper/bb63a25/examples/inputs/InvRiL19.fasta,/tscc/projects/ps-yeolab4/seqdata/20201106_encore_clips/igm-storage2.ucsd.edu/201101_K00180_0992_AHJ72VBBXY_SR75_Yeo/Fastq/4204_IN2_R_S48_L003_R1_001.fastq.gz,2,/tscc/projects/ps-yeolab4/software/skipper/bb63a25/examples/inputs/InvRNA4.fasta,/tscc/projects/ps-yeolab4/seqdata/20201106_encore_clips/igm-storage2.ucsd.edu/201101_K00180_0992_AHJ72VBBXY_SR75_Yeo/Fastq/4204_CLIP2_R_S49_L003_R1_001.fastq.gz,SNRPD3,4204,ENCORE
44,SNRPC_HepG2_4187,SNRPC_HepG2_4187,HepG2,1,/tscc/projects/ps-yeolab4/software/skipper/bb63a25/examples/inputs/InvRiL19.fasta,/tscc/projects/ps-yeolab4/seqdata/20201106_encore_clips/igm-storage2.ucsd.edu/201101_K00180_0992_AHJ72VBBXY_SR75_Yeo/Fastq/4187_IN1_S74_L005_R1_001.fastq.gz,1,/tscc/projects/ps-yeolab4/software/skipper/bb63a25/examples/inputs/InvRNA1.fasta,/tscc/projects/ps-yeolab4/seqdata/20201106_encore_clips/igm-storage2.ucsd.edu/201101_K00180_0992_AHJ72VBBXY_SR75_Yeo/Fastq/4187_CLIP1_S75_L005_R1_001.fastq.gz,SNRPC,4187,ENCORE
45,SNRPC_HepG2_4187,SNRPC_HepG2_4187,HepG2,2,/tscc/projects/ps-yeolab4/software/skipper/bb63a25/examples/inputs/InvRiL19.fasta,/tscc/projects/ps-yeolab4/seqdata/20201106_encore_clips/igm-storage2.ucsd.edu/201101_K00180_0992_AHJ72VBBXY_SR75_Yeo/Fastq/4187_IN2_S76_L005_R1_001.fastq.gz,2,/tscc/projects/ps-yeolab4/software/skipper/bb63a25/examples/inputs/InvRNA1.fasta,/tscc/projects/ps-yeolab4/seqdata/20201106_encore_clips/igm-storage2.ucsd.edu/201101_K00180_0992_AHJ72VBBXY_SR75_Yeo/Fastq/4187_CLIP2_S77_L005_R1_001.fastq.gz,SNRPC,4187,ENCORE
46,DEK_HepG2_4146,DEK_HepG2_4146,HepG2,1,/tscc/projects/ps-yeolab4/software/skipper/bb63a25/examples/inputs/InvRiL19.fasta,/tscc/projects/ps-yeolab4/seqdata/20201106_encore_clips/igm-storage2.ucsd.edu/201101_K00180_0992_AHJ72VBBXY_SR75_Yeo/Fastq/4146_IN1_S124_L008_R1_001.fastq.gz,1,/tscc/projects/ps-yeolab4/software/skipper/bb63a25/examples/inputs/InvRNA1.fasta,/tscc/projects/ps-yeolab4/seqdata/20201106_encore_clips/igm-storage2.ucsd.edu/201101_K00180_0992_AHJ72VBBXY_SR75_Yeo/Fastq/4146_CLIP1_S125_L008_R1_001.fastq.gz,DEK,4146,ENCORE
47,DEK_HepG2_4146,DEK_HepG2_4146,HepG2,2,/tscc/projects/ps-yeolab4/software/skipper/bb63a25/examples/inputs/InvRiL19.fasta,/tscc/projects/ps-yeolab4/seqdata/20201106_encore_clips/igm-storage2.ucsd.edu/201101_K00180_0992_AHJ72VBBXY_SR75_Yeo/Fastq/4146_IN2_S126_L008_R1_001.fastq.gz,2,/tscc/projects/ps-yeolab4/software/skipper/bb63a25/examples/inputs/InvRNA1.fasta,/tscc/projects/ps-yeolab4/seqdata/20201106_encore_clips/igm-storage2.ucsd.edu/201101_K00180_0992_AHJ72VBBXY_SR75_Yeo/Fastq/4146_CLIP2_S127_L008_R1_001.fastq.gz,DEK,4146,ENCORE
48,DICER1_HepG2_4147,DICER1_HepG2_4147,HepG2,1,/tscc/projects/ps-yeolab4/software/skipper/bb63a25/examples/inputs/InvRiL19.fasta,/tscc/projects/ps-yeolab4/seqdata/20201106_encore_clips/igm-storage2.ucsd.edu/201101_K00180_0992_AHJ72VBBXY_SR75_Yeo/Fastq/4147_IN1_S128_L008_R1_001.fastq.gz,1,/tscc/projects/ps-yeolab4/software/skipper/bb63a25/examples/inputs/InvRNA1.fasta,/tscc/projects/ps-yeolab4/seqdata/20201106_encore_clips/igm-storage2.ucsd.edu/201101_K00180_0992_AHJ72VBBXY_SR75_Yeo/Fastq/4147_CLIP1_S129_L008_R1_001.fastq.gz,DICER1,4147,ENCORE
49,DICER1_HepG2_4147,DICER1_HepG2_4147,HepG2,2,/tscc/projects/ps-yeolab4/software/skipper/bb63a25/examples/inputs/InvRiL19.fasta,/tscc/projects/ps-yeolab4/seqdata/20201106_encore_clips/igm-storage2.ucsd.edu/201101_K00180_0992_AHJ72VBBXY_SR75_Yeo/Fastq/4147_IN2_S130_L008_R1_001.fastq.gz,2,/tscc/projects/ps-yeolab4/software/skipper/bb63a25/examples/inputs/InvRNA1.fasta,/tscc/projects/ps-yeolab4/seqdata/20201106_encore_clips/igm-storage2.ucsd.edu/201101_K00180_0992_AHJ72VBBXY_SR75_Yeo/Fastq/4147_CLIP2_S131_L008_R1_001.fastq.gz,DICER1,4147,ENCORE
50,PPP1R10_HepG2_4148,PPP1R10_HepG2_4148,HepG2,1,/tscc/projects/ps-yeolab4/software/skipper/bb63a25/examples/inputs/InvRiL19.fasta,/tscc/projects/ps-yeolab4/seqdata/20201106_encore_clips/igm-storage2.ucsd.edu/201101_K00180_0992_AHJ72VBBXY_SR75_Yeo/Fastq/4148_IN1_S132_L008_R1_001.fastq.gz,1,/tscc/projects/ps-yeolab4/software/skipper/bb63a25/examples/inputs/InvRNA1.fasta,/tscc/projects/ps-yeolab4/seqdata/20201106_encore_clips/igm-storage2.ucsd.edu/201101_K00180_0992_AHJ72VBBXY_SR75_Yeo/Fastq/4148_CLIP1_S133_L008_R1_001.fastq.gz,PPP1R10,4148,ENCORE
51,PPP1R10_HepG2_4148,PPP1R10_HepG2_4148,HepG2,2,/tscc/projects/ps-yeolab4/software/skipper/bb63a25/examples/inputs/InvRiL19.fasta,/tscc/projects/ps-yeolab4/seqdata/20201106_encore_clips/igm-storage2.ucsd.edu/201101_K00180_0992_AHJ72VBBXY_SR75_Yeo/Fastq/4148_IN2_S134_L008_R1_001.fastq.gz,2,/tscc/projects/ps-yeolab4/software/skipper/bb63a25/examples/inputs/InvRNA1.fasta,/tscc/projects/ps-yeolab4/seqdata/20201106_encore_clips/igm-storage2.ucsd.edu/201101_K00180_0992_AHJ72VBBXY_SR75_Yeo/Fastq/4148_CLIP2_S135_L008_R1_001.fastq.gz,PPP1R10,4148,ENCORE
52,PRPF39_HepG2_4149,PRPF39_HepG2_4149,HepG2,1,/tscc/projects/ps-yeolab4/software/skipper/bb63a25/examples/inputs/InvRiL19.fasta,/tscc/projects/ps-yeolab4/seqdata/20201106_encore_clips/igm-storage2.ucsd.edu/201101_K00180_0992_AHJ72VBBXY_SR75_Yeo/Fastq/4149_IN1_S136_L008_R1_001.fastq.gz,1,/tscc/projects/ps-yeolab4/software/skipper/bb63a25/examples/inputs/InvRNA1.fasta,/tscc/projects/ps-yeolab4/seqdata/20201106_encore_clips/igm-storage2.ucsd.edu/201101_K00180_0992_AHJ72VBBXY_SR75_Yeo/Fastq/4149_CLIP1_S137_L008_R1_001.fastq.gz,PRPF39,4149,ENCORE
53,PRPF39_HepG2_4149,PRPF39_HepG2_4149,HepG2,2,/tscc/projects/ps-yeolab4/software/skipper/bb63a25/examples/inputs/InvRiL19.fasta,/tscc/projects/ps-yeolab4/seqdata/20201106_encore_clips/igm-storage2.ucsd.edu/201101_K00180_0992_AHJ72VBBXY_SR75_Yeo/Fastq/4149_IN2_S138_L008_R1_001.fastq.gz,2,/tscc/projects/ps-yeolab4/software/skipper/bb63a25/examples/inputs/InvRNA1.fasta,/tscc/projects/ps-yeolab4/seqdata/20201106_encore_clips/igm-storage2.ucsd.edu/201101_K00180_0992_AHJ72VBBXY_SR75_Yeo/Fastq/4149_CLIP2_S139_L008_R1_001.fastq.gz,PRPF39,4149,ENCORE
54,DYNLL1_HepG2_4213,DYNLL1_HepG2_4213,HepG2,1,/tscc/projects/ps-yeolab4/software/skipper/bb63a25/examples/inputs/InvRiL19.fasta,/tscc/projects/ps-yeolab4/seqdata/20210302_encode_clips/igm-storage2.ucsd.edu/210117_K00180_1005_AHKH5TBBXY_SR75_Yeo/Fastq/4213_INPUT1_S13_L001_R1_001.fastq.gz,1,/tscc/projects/ps-yeolab4/software/skipper/bb63a25/examples/inputs/InvRNA2.fasta,/tscc/projects/ps-yeolab4/seqdata/20210302_encode_clips/igm-storage2.ucsd.edu/210117_K00180_1005_AHKH5TBBXY_SR75_Yeo/Fastq/4213_CLIP1_S14_L001_R1_001.fastq.gz,DYNLL1,4213,ENCORE
55,DYNLL1_HepG2_4213,DYNLL1_HepG2_4213,HepG2,2,/tscc/projects/ps-yeolab4/software/skipper/bb63a25/examples/inputs/InvRiL19.fasta,/tscc/projects/ps-yeolab4/seqdata/20210302_encode_clips/igm-storage2.ucsd.edu/210117_K00180_1005_AHKH5TBBXY_SR75_Yeo/Fastq/4213_INPUT2_S15_L001_R1_001.fastq.gz,2,/tscc/projects/ps-yeolab4/software/skipper/bb63a25/examples/inputs/InvRNA2.fasta,/tscc/projects/ps-yeolab4/seqdata/20210302_encode_clips/igm-storage2.ucsd.edu/210117_K00180_1005_AHKH5TBBXY_SR75_Yeo/Fastq/4213_CLIP2_S16_L001_R1_001.fastq.gz,DYNLL1,4213,ENCORE
56,EIF3A_HepG2_4144,EIF3A_HepG2_4144,HepG2,1,/tscc/projects/ps-yeolab4/software/skipper/bb63a25/examples/inputs/InvRiL19.fasta,/tscc/projects/ps-yeolab4/seqdata/20210302_encode_clips/igm-storage2.ucsd.edu/210117_K00180_1005_AHKH5TBBXY_SR75_Yeo/Fastq/4144_INPUT1_S63_L004_R1_001.fastq.gz,1,/tscc/projects/ps-yeolab4/software/skipper/bb63a25/examples/inputs/InvRNA1.fasta,/tscc/projects/ps-yeolab4/seqdata/20210302_encode_clips/igm-storage2.ucsd.edu/210117_K00180_1005_AHKH5TBBXY_SR75_Yeo/Fastq/4144_CLIP1_S64_L004_R1_001.fastq.gz,EIF3A,4144,ENCORE
57,EIF3A_HepG2_4144,EIF3A_HepG2_4144,HepG2,2,/tscc/projects/ps-yeolab4/software/skipper/bb63a25/examples/inputs/InvRiL19.fasta,/tscc/projects/ps-yeolab4/seqdata/20210302_encode_clips/igm-storage2.ucsd.edu/210117_K00180_1005_AHKH5TBBXY_SR75_Yeo/Fastq/4144_INPUT2_S65_L004_R1_001.fastq.gz,2,/tscc/projects/ps-yeolab4/software/skipper/bb63a25/examples/inputs/InvRNA1.fasta,/tscc/projects/ps-yeolab4/seqdata/20210302_encode_clips/igm-storage2.ucsd.edu/210117_K00180_1005_AHKH5TBBXY_SR75_Yeo/Fastq/4144_CLIP2_S66_L004_R1_001.fastq.gz,EIF3A,4144,ENCORE
58,CACTIN_HepG2_4190,CACTIN_HepG2_4190,HepG2,1,/tscc/projects/ps-yeolab4/software/skipper/bb63a25/examples/inputs/InvRiL19.fasta,/tscc/projects/ps-yeolab4/seqdata/20210302_encode_clips/igm-storage2.ucsd.edu/210117_K00180_1005_AHKH5TBBXY_SR75_Yeo/Fastq/4190_INPUT1_S51_L004_R1_001.fastq.gz,1,/tscc/projects/ps-yeolab4/software/skipper/bb63a25/examples/inputs/InvRNA4.fasta,/tscc/projects/ps-yeolab4/seqdata/20210302_encode_clips/igm-storage2.ucsd.edu/210117_K00180_1005_AHKH5TBBXY_SR75_Yeo/Fastq/4190_CLIP1_S52_L004_R1_001.fastq.gz,CACTIN,4190,ENCORE
59,CACTIN_HepG2_4190,CACTIN_HepG2_4190,HepG2,2,/tscc/projects/ps-yeolab4/software/skipper/bb63a25/examples/inputs/InvRiL19.fasta,/tscc/projects/ps-yeolab4/seqdata/20210302_encode_clips/igm-storage2.ucsd.edu/210117_K00180_1005_AHKH5TBBXY_SR75_Yeo/Fastq/4190_INPUT2_S53_L004_R1_001.fastq.gz,2,/tscc/projects/ps-yeolab4/software/skipper/bb63a25/examples/inputs/InvRNA4.fasta,/tscc/projects/ps-yeolab4/seqdata/20210302_encode_clips/igm-storage2.ucsd.edu/210117_K00180_1005_AHKH5TBBXY_SR75_Yeo/Fastq/4190_CLIP2_S54_L004_R1_001.fastq.gz,CACTIN,4190,ENCORE
60,CNOT2_HepG2_4191,CNOT2_HepG2_4191,HepG2,1,/tscc/projects/ps-yeolab4/software/skipper/bb63a25/examples/inputs/InvRiL19.fasta,/tscc/projects/ps-yeolab4/seqdata/20210302_encode_clips/igm-storage2.ucsd.edu/210117_K00180_1005_AHKH5TBBXY_SR75_Yeo/Fastq/4191_INPUT1_S55_L004_R1_001.fastq.gz,1,/tscc/projects/ps-yeolab4/software/skipper/bb63a25/examples/inputs/InvRNA4.fasta,/tscc/projects/ps-yeolab4/seqdata/20210302_encode_clips/igm-storage2.ucsd.edu/210117_K00180_1005_AHKH5TBBXY_SR75_Yeo/Fastq/4191_CLIP1_S56_L004_R1_001.fastq.gz,CNOT2,4191,ENCORE
61,CNOT2_HepG2_4191,CNOT2_HepG2_4191,HepG2,2,/tscc/projects/ps-yeolab4/software/skipper/bb63a25/examples/inputs/InvRiL19.fasta,/tscc/projects/ps-yeolab4/seqdata/20210302_encode_clips/igm-storage2.ucsd.edu/210117_K00180_1005_AHKH5TBBXY_SR75_Yeo/Fastq/4191_INPUT2_S57_L004_R1_001.fastq.gz,2,/tscc/projects/ps-yeolab4/software/skipper/bb63a25/examples/inputs/InvRNA4.fasta,/tscc/projects/ps-yeolab4/seqdata/20210302_encode_clips/igm-storage2.ucsd.edu/210117_K00180_1005_AHKH5TBBXY_SR75_Yeo/Fastq/4191_CLIP2_S58_L004_R1_001.fastq.gz,CNOT2,4191,ENCORE
62,FYTTD1_HepG2_4209,FYTTD1_HepG2_4209,HepG2,1,/tscc/projects/ps-yeolab4/software/skipper/bb63a25/examples/inputs/InvRiL19.fasta,/tscc/projects/ps-yeolab4/seqdata/20210302_encode_clips/igm-storage2.ucsd.edu/210117_K00180_1005_AHKH5TBBXY_SR75_Yeo/Fastq/4209_INPUT1_S67_L005_R1_001.fastq.gz,1,/tscc/projects/ps-yeolab4/software/skipper/bb63a25/examples/inputs/InvRNA1.fasta,/tscc/projects/ps-yeolab4/seqdata/20210302_encode_clips/igm-storage2.ucsd.edu/210117_K00180_1005_AHKH5TBBXY_SR75_Yeo/Fastq/4209_CLIP1_S68_L005_R1_001.fastq.gz,FYTTD1,4209,ENCORE
63,FYTTD1_HepG2_4209,FYTTD1_HepG2_4209,HepG2,2,/tscc/projects/ps-yeolab4/software/skipper/bb63a25/examples/inputs/InvRiL19.fasta,/tscc/projects/ps-yeolab4/seqdata/20210302_encode_clips/igm-storage2.ucsd.edu/210117_K00180_1005_AHKH5TBBXY_SR75_Yeo/Fastq/4209_INPUT2_S69_L005_R1_001.fastq.gz,2,/tscc/projects/ps-yeolab4/software/skipper/bb63a25/examples/inputs/InvRNA1.fasta,/tscc/projects/ps-yeolab4/seqdata/20210302_encode_clips/igm-storage2.ucsd.edu/210117_K00180_1005_AHKH5TBBXY_SR75_Yeo/Fastq/4209_CLIP2_S70_L005_R1_001.fastq.gz,FYTTD1,4209,ENCORE
64,SNRNP200_HepG2_4212,SNRNP200_HepG2_4212,HepG2,1,/tscc/projects/ps-yeolab4/software/skipper/bb63a25/examples/inputs/InvRiL19.fasta,/tscc/projects/ps-yeolab4/seqdata/20210302_encode_clips/igm-storage2.ucsd.edu/210117_K00180_1005_AHKH5TBBXY_SR75_Yeo/Fastq/4212_INPUT1_S75_L005_R1_001.fastq.gz,1,/tscc/projects/ps-yeolab4/software/skipper/bb63a25/examples/inputs/InvRNA1.fasta,/tscc/projects/ps-yeolab4/seqdata/20210302_encode_clips/igm-storage2.ucsd.edu/210117_K00180_1005_AHKH5TBBXY_SR75_Yeo/Fastq/4212_CLIP1_S76_L005_R1_001.fastq.gz,SNRNP200,4212,ENCORE
65,SNRNP200_HepG2_4212,SNRNP200_HepG2_4212,HepG2,2,/tscc/projects/ps-yeolab4/software/skipper/bb63a25/examples/inputs/InvRiL19.fasta,/tscc/projects/ps-yeolab4/seqdata/20210302_encode_clips/igm-storage2.ucsd.edu/210117_K00180_1005_AHKH5TBBXY_SR75_Yeo/Fastq/4212_INPUT2_S77_L005_R1_001.fastq.gz,2,/tscc/projects/ps-yeolab4/software/skipper/bb63a25/examples/inputs/InvRNA1.fasta,/tscc/projects/ps-yeolab4/seqdata/20210302_encode_clips/igm-storage2.ucsd.edu/210117_K00180_1005_AHKH5TBBXY_SR75_Yeo/Fastq/4212_CLIP2_S78_L005_R1_001.fastq.gz,SNRNP200,4212,ENCORE
66,PCF11_HepG2_4201,PCF11_HepG2_4201,HepG2,1,/tscc/projects/ps-yeolab4/software/skipper/bb63a25/examples/inputs/InvRiL19.fasta,/tscc/projects/ps-yeolab4/seqdata/20210302_encode_clips/igm-storage2.ucsd.edu/210117_K00180_1005_AHKH5TBBXY_SR75_Yeo/Fastq/4201_INPUT1_S71_L005_R1_001.fastq.gz,1,/tscc/projects/ps-yeolab4/software/skipper/bb63a25/examples/inputs/InvRNA4.fasta,/tscc/projects/ps-yeolab4/seqdata/20210302_encode_clips/igm-storage2.ucsd.edu/210117_K00180_1005_AHKH5TBBXY_SR75_Yeo/Fastq/4201_CLIP1_S72_L005_R1_001.fastq.gz,PCF11,4201,ENCORE
67,PCF11_HepG2_4201,PCF11_HepG2_4201,HepG2,2,/tscc/projects/ps-yeolab4/software/skipper/bb63a25/examples/inputs/InvRiL19.fasta,/tscc/projects/ps-yeolab4/seqdata/20210302_encode_clips/igm-storage2.ucsd.edu/210117_K00180_1005_AHKH5TBBXY_SR75_Yeo/Fastq/4201_INPUT2_S73_L005_R1_001.fastq.gz,2,/tscc/projects/ps-yeolab4/software/skipper/bb63a25/examples/inputs/InvRNA4.fasta,/tscc/projects/ps-yeolab4/seqdata/20210302_encode_clips/igm-storage2.ucsd.edu/210117_K00180_1005_AHKH5TBBXY_SR75_Yeo/Fastq/4201_CLIP2_S74_L005_R1_001.fastq.gz,PCF11,4201,ENCORE
68,DHX38_HepG2_4202,DHX38_HepG2_4202,HepG2,1,/tscc/projects/ps-yeolab4/software/skipper/bb63a25/examples/inputs/InvRiL19.fasta,/tscc/projects/ps-yeolab4/seqdata/20210302_encode_clips/igm-storage2.ucsd.edu/210117_K00180_1005_AHKH5TBBXY_SR75_Yeo/Fastq/4202_INPUT1_S94_L006_R1_001.fastq.gz,1,/tscc/projects/ps-yeolab4/software/skipper/bb63a25/examples/inputs/InvRNA4.fasta,/tscc/projects/ps-yeolab4/seqdata/20210302_encode_clips/igm-storage2.ucsd.edu/210117_K00180_1005_AHKH5TBBXY_SR75_Yeo/Fastq/4202_CLIP1_S95_L006_R1_001.fastq.gz,DHX38,4202,ENCORE
69,DHX38_HepG2_4202,DHX38_HepG2_4202,HepG2,2,/tscc/projects/ps-yeolab4/software/skipper/bb63a25/examples/inputs/InvRiL19.fasta,/tscc/projects/ps-yeolab4/seqdata/20210302_encode_clips/igm-storage2.ucsd.edu/210117_K00180_1005_AHKH5TBBXY_SR75_Yeo/Fastq/4202_INPUT2_S96_L006_R1_001.fastq.gz,2,/tscc/projects/ps-yeolab4/software/skipper/bb63a25/examples/inputs/InvRNA4.fasta,/tscc/projects/ps-yeolab4/seqdata/20210302_encode_clips/igm-storage2.ucsd.edu/210117_K00180_1005_AHKH5TBBXY_SR75_Yeo/Fastq/4202_CLIP2_S97_L006_R1_001.fastq.gz,DHX38,4202,ENCORE
70,DDX1_HepG2_4226,DDX1_HepG2_4226,HepG2,1,/tscc/projects/ps-yeolab4/software/skipper/bb63a25/examples/inputs/InvRiL19.fasta,/tscc/projects/ps-yeolab4/seqdata/20210302_encode_clips/igm-storage2.ucsd.edu/210117_K00180_1005_AHKH5TBBXY_SR75_Yeo/Fastq/4226_INPUT1_S106_L007_R1_001.fastq.gz,1,/tscc/projects/ps-yeolab4/software/skipper/bb63a25/examples/inputs/InvRNA3.fasta,/tscc/projects/ps-yeolab4/seqdata/20210302_encode_clips/igm-storage2.ucsd.edu/210117_K00180_1005_AHKH5TBBXY_SR75_Yeo/Fastq/4226_CLIP1_S107_L007_R1_001.fastq.gz,DDX1,4226,ENCORE
71,DDX1_HepG2_4226,DDX1_HepG2_4226,HepG2,2,/tscc/projects/ps-yeolab4/software/skipper/bb63a25/examples/inputs/InvRiL19.fasta,/tscc/projects/ps-yeolab4/seqdata/20210302_encode_clips/igm-storage2.ucsd.edu/210117_K00180_1005_AHKH5TBBXY_SR75_Yeo/Fastq/4226_INPUT2_S108_L007_R1_001.fastq.gz,2,/tscc/projects/ps-yeolab4/software/skipper/bb63a25/examples/inputs/InvRNA3.fasta,/tscc/projects/ps-yeolab4/seqdata/20210302_encode_clips/igm-storage2.ucsd.edu/210117_K00180_1005_AHKH5TBBXY_SR75_Yeo/Fastq/4226_CLIP2_S109_L007_R1_001.fastq.gz,DDX1,4226,ENCORE
72,FXR1_HepG2_4228,FXR1_HepG2_4228,HepG2,1,/tscc/projects/ps-yeolab4/software/skipper/bb63a25/examples/inputs/InvRiL19.fasta,/tscc/projects/ps-yeolab4/seqdata/20210302_encode_clips/igm-storage2.ucsd.edu/210117_K00180_1005_AHKH5TBBXY_SR75_Yeo/Fastq/4228_INPUT1_S110_L007_R1_001.fastq.gz,1,/tscc/projects/ps-yeolab4/software/skipper/bb63a25/examples/inputs/InvRNA3.fasta,/tscc/projects/ps-yeolab4/seqdata/20210302_encode_clips/igm-storage2.ucsd.edu/210117_K00180_1005_AHKH5TBBXY_SR75_Yeo/Fastq/4228_CLIP1_S111_L007_R1_001.fastq.gz,FXR1,4228,ENCORE
73,FXR1_HepG2_4228,FXR1_HepG2_4228,HepG2,2,/tscc/projects/ps-yeolab4/software/skipper/bb63a25/examples/inputs/InvRiL19.fasta,/tscc/projects/ps-yeolab4/seqdata/20210302_encode_clips/igm-storage2.ucsd.edu/210117_K00180_1005_AHKH5TBBXY_SR75_Yeo/Fastq/4228_INPUT2_S112_L007_R1_001.fastq.gz,2,/tscc/projects/ps-yeolab4/software/skipper/bb63a25/examples/inputs/InvRNA3.fasta,/tscc/projects/ps-yeolab4/seqdata/20210302_encode_clips/igm-storage2.ucsd.edu/210117_K00180_1005_AHKH5TBBXY_SR75_Yeo/Fastq/4228_CLIP2_S113_L007_R1_001.fastq.gz,FXR1,4228,ENCORE
74,YBX1_HepG2_4229,YBX1_HepG2_4229,HepG2,1,/tscc/projects/ps-yeolab4/software/skipper/bb63a25/examples/inputs/InvRiL19.fasta,/tscc/projects/ps-yeolab4/seqdata/20210302_encode_clips/igm-storage2.ucsd.edu/210117_K00180_1005_AHKH5TBBXY_SR75_Yeo/Fastq/4229_INPUT1_S122_L008_R1_001.fastq.gz,1,/tscc/projects/ps-yeolab4/software/skipper/bb63a25/examples/inputs/InvRNA3.fasta,/tscc/projects/ps-yeolab4/seqdata/20210302_encode_clips/igm-storage2.ucsd.edu/210117_K00180_1005_AHKH5TBBXY_SR75_Yeo/Fastq/4229_CLIP1_S123_L008_R1_001.fastq.gz,YBX1,4229,ENCORE
75,YBX1_HepG2_4229,YBX1_HepG2_4229,HepG2,2,/tscc/projects/ps-yeolab4/software/skipper/bb63a25/examples/inputs/InvRiL19.fasta,/tscc/projects/ps-yeolab4/seqdata/20210302_encode_clips/igm-storage2.ucsd.edu/210117_K00180_1005_AHKH5TBBXY_SR75_Yeo/Fastq/4229_INPUT2_S124_L008_R1_001.fastq.gz,2,/tscc/projects/ps-yeolab4/software/skipper/bb63a25/examples/inputs/InvRNA3.fasta,/tscc/projects/ps-yeolab4/seqdata/20210302_encode_clips/igm-storage2.ucsd.edu/210117_K00180_1005_AHKH5TBBXY_SR75_Yeo/Fastq/4229_CLIP2_S125_L008_R1_001.fastq.gz,YBX1,4229,ENCORE
76,PARP_HepG2_4214,PARP_HepG2_4214,HepG2,1,/tscc/projects/ps-yeolab4/software/skipper/bb63a25/examples/inputs/InvRiL19.fasta,/tscc/projects/ps-yeolab4/seqdata/20210219_elliotchen_GBM_RBPscreen/igm-storage2.ucsd.edu/210214_K00180_1009_AHKHJLBBXY_SR75_Combo/4214_input1_S55_L008_R1_001.fastq.gz,1,/tscc/projects/ps-yeolab4/software/skipper/bb63a25/examples/inputs/InvRNA2.fasta,/tscc/projects/ps-yeolab4/seqdata/20210219_elliotchen_GBM_RBPscreen/igm-storage2.ucsd.edu/210214_K00180_1009_AHKHJLBBXY_SR75_Combo/4214_clip1_S56_L008_R1_001.fastq.gz,PARP,4214,ENCORE
77,PARP_HepG2_4214,PARP_HepG2_4214,HepG2,2,/tscc/projects/ps-yeolab4/software/skipper/bb63a25/examples/inputs/InvRiL19.fasta,/tscc/projects/ps-yeolab4/seqdata/20210219_elliotchen_GBM_RBPscreen/igm-storage2.ucsd.edu/210214_K00180_1009_AHKHJLBBXY_SR75_Combo/4214_input2_S57_L008_R1_001.fastq.gz,2,/tscc/projects/ps-yeolab4/software/skipper/bb63a25/examples/inputs/InvRNA2.fasta,/tscc/projects/ps-yeolab4/seqdata/20210219_elliotchen_GBM_RBPscreen/igm-storage2.ucsd.edu/210214_K00180_1009_AHKHJLBBXY_SR75_Combo/4214_clip2_S58_L008_R1_001.fastq.gz,PARP,4214,ENCORE
78,NSUN2_HepG2_4215,NSUN2_HepG2_4215,HepG2,1,/tscc/projects/ps-yeolab4/software/skipper/bb63a25/examples/inputs/InvRiL19.fasta,/tscc/projects/ps-yeolab4/seqdata/20210219_elliotchen_GBM_RBPscreen/igm-storage2.ucsd.edu/210214_K00180_1009_AHKHJLBBXY_SR75_Combo/4215_input1_S59_L008_R1_001.fastq.gz,1,/tscc/projects/ps-yeolab4/software/skipper/bb63a25/examples/inputs/InvRNA2.fasta,/tscc/projects/ps-yeolab4/seqdata/20210219_elliotchen_GBM_RBPscreen/igm-storage2.ucsd.edu/210214_K00180_1009_AHKHJLBBXY_SR75_Combo/4215_clip1_S60_L008_R1_001.fastq.gz,NSUN2,4215,ENCORE
79,NSUN2_HepG2_4215,NSUN2_HepG2_4215,HepG2,2,/tscc/projects/ps-yeolab4/software/skipper/bb63a25/examples/inputs/InvRiL19.fasta,/tscc/projects/ps-yeolab4/seqdata/20210219_elliotchen_GBM_RBPscreen/igm-storage2.ucsd.edu/210214_K00180_1009_AHKHJLBBXY_SR75_Combo/4215_input2_S61_L008_R1_001.fastq.gz,2,/tscc/projects/ps-yeolab4/software/skipper/bb63a25/examples/inputs/InvRNA2.fasta,/tscc/projects/ps-yeolab4/seqdata/20210219_elliotchen_GBM_RBPscreen/igm-storage2.ucsd.edu/210214_K00180_1009_AHKHJLBBXY_SR75_Combo/4215_clip2_S62_L008_R1_001.fastq.gz,NSUN2,4215,ENCORE
