Experiment,Sample,Cells,Input_replicate,Input_adapter,Input_fastq,CLIP_replicate,CLIP_adapter,CLIP_fastq,RBP,Accession,Manual_QC,Comments
NONO_K562_4001,NONO_K562_4001,K562,1,/projects/ps-yeolab4/software/skipper/bb63a25/examples/inputs/InvRiL19.fasta,/projects/ps-yeolab4/seqdata/20181113_alan_HIV_jasmine_NONO_steven_AUTS2_ILF2_ILF3_shashank/igm-storage1.ucsd.edu/181106_K00180_0707_BH25KJBBXY_SR75_Combo/JM_4001_INPUT1_S17_L007_R1_001.fastq.gz,1,/projects/ps-yeolab4/software/skipper/bb63a25/examples/inputs/InvRiL19.fasta,/projects/ps-yeolab4/seqdata/20181113_alan_HIV_jasmine_NONO_steven_AUTS2_ILF2_ILF3_shashank/igm-storage1.ucsd.edu/181106_K00180_0707_BH25KJBBXY_SR75_Combo/JM_4001_CLIP1_S18_L007_R1_001.fastq.gz,NONO,4001,PASS,positional enrichment show intron binding
NONO_K562_4001,NONO_K562_4001,K562,2,/projects/ps-yeolab4/software/skipper/bb63a25/examples/inputs/InvRiL19.fasta,/projects/ps-yeolab4/seqdata/20181113_alan_HIV_jasmine_NONO_steven_AUTS2_ILF2_ILF3_shashank/igm-storage1.ucsd.edu/181106_K00180_0707_BH25KJBBXY_SR75_Combo/JM_4001_INPUT2_S19_L007_R1_001.fastq.gz,2,/projects/ps-yeolab4/software/skipper/bb63a25/examples/inputs/InvRiL19.fasta,/projects/ps-yeolab4/seqdata/20181113_alan_HIV_jasmine_NONO_steven_AUTS2_ILF2_ILF3_shashank/igm-storage1.ucsd.edu/181106_K00180_0707_BH25KJBBXY_SR75_Combo/JM_4001_CLIP2_S20_L007_R1_001.fastq.gz,NONO,4001,PASS,positional enrichment show intron binding
FXR2_K562_4002,FXR2_K562_4002,K562,1,/projects/ps-yeolab4/software/skipper/bb63a25/examples/inputs/InvRiL19.fasta,/projects/ps-yeolab4/seqdata/20181121_bay001_encode4/181121_K00180_0717_AH25KFBBXY_SR75_Combo/4002_INPUT1_S24_L005_R1_001.fastq.gz,1,/projects/ps-yeolab4/software/skipper/bb63a25/examples/inputs/InvRiL19.fasta,/projects/ps-yeolab4/seqdata/20181121_bay001_encode4/181121_K00180_0717_AH25KFBBXY_SR75_Combo/4002_CLIP1_S25_L005_R1_001.fastq.gz,FXR2,4002,PASS,ok enrichment
FXR2_K562_4002,FXR2_K562_4002,K562,2,/projects/ps-yeolab4/software/skipper/bb63a25/examples/inputs/InvRiL19.fasta,/projects/ps-yeolab4/seqdata/20181121_bay001_encode4/181121_K00180_0717_AH25KFBBXY_SR75_Combo/4002_INPUT2_S26_L005_R1_001.fastq.gz,2,/projects/ps-yeolab4/software/skipper/bb63a25/examples/inputs/InvRiL19.fasta,/projects/ps-yeolab4/seqdata/20181121_bay001_encode4/181121_K00180_0717_AH25KFBBXY_SR75_Combo/4002_CLIP2_S27_L005_R1_001.fastq.gz,FXR2,4002,PASS,ok enrichment
DEK_K562_4004,DEK_K562_4004,K562,1,/projects/ps-yeolab4/software/skipper/bb63a25/examples/inputs/InvRiL19.fasta,/projects/ps-yeolab4/seqdata/20181121_bay001_encode4/181121_K00180_0717_AH25KFBBXY_SR75_Combo/4004_INPUT1_S20_L004_R1_001.fastq.gz,1,/projects/ps-yeolab4/software/skipper/bb63a25/examples/inputs/InvRiL19.fasta,/projects/ps-yeolab4/seqdata/20181121_bay001_encode4/181121_K00180_0717_AH25KFBBXY_SR75_Combo/4004_CLIP1_S21_L004_R1_001.fastq.gz,DEK,4004,PASS,little enrichment observed
DEK_K562_4004,DEK_K562_4004,K562,2,/projects/ps-yeolab4/software/skipper/bb63a25/examples/inputs/InvRiL19.fasta,/projects/ps-yeolab4/seqdata/20181121_bay001_encode4/181121_K00180_0717_AH25KFBBXY_SR75_Combo/4004_INPUT2_S22_L004_R1_001.fastq.gz,2,/projects/ps-yeolab4/software/skipper/bb63a25/examples/inputs/InvRiL19.fasta,/projects/ps-yeolab4/seqdata/20181121_bay001_encode4/181121_K00180_0717_AH25KFBBXY_SR75_Combo/4004_CLIP2_S23_L004_R1_001.fastq.gz,DEK,4004,PASS,little enrichment observed
EIF2B3_K562_4007,EIF2B3_K562_4007,K562,1,/projects/ps-yeolab4/software/skipper/bb63a25/examples/inputs/InvRiL19.fasta,/projects/ps-yeolab4/seqdata/20181121_bay001_encode4/181121_K00180_0717_AH25KFBBXY_SR75_Combo/4007_INPUT1_S28_L005_R1_001.fastq.gz,1,/projects/ps-yeolab4/software/skipper/bb63a25/examples/inputs/InvRiL19.fasta,/projects/ps-yeolab4/seqdata/20181121_bay001_encode4/181121_K00180_0717_AH25KFBBXY_SR75_Combo/4007_CLIP1_S29_L005_R1_001.fastq.gz,EIF2B3,4007,FAIL,enrichment is weak
EIF2B3_K562_4007,EIF2B3_K562_4007,K562,2,/projects/ps-yeolab4/software/skipper/bb63a25/examples/inputs/InvRiL19.fasta,/projects/ps-yeolab4/seqdata/20181121_bay001_encode4/181121_K00180_0717_AH25KFBBXY_SR75_Combo/4007_INPUT2_S30_L005_R1_001.fastq.gz,2,/projects/ps-yeolab4/software/skipper/bb63a25/examples/inputs/InvRiL19.fasta,/projects/ps-yeolab4/seqdata/20181121_bay001_encode4/181121_K00180_0717_AH25KFBBXY_SR75_Combo/4007_CLIP2_S31_L005_R1_001.fastq.gz,EIF2B3,4007,FAIL,enrichment is weak
RBFOX3_K562_4008,RBFOX3_K562_4008,K562,1,/projects/ps-yeolab4/software/skipper/bb63a25/examples/inputs/InvRiL19.fasta,/projects/ps-yeolab4/seqdata/20181121_bay001_encode4/181121_K00180_0717_AH25KFBBXY_SR75_Combo/4008_INPUT1_S32_L005_R1_001.fastq.gz,1,/projects/ps-yeolab4/software/skipper/bb63a25/examples/inputs/InvRiL19.fasta,/projects/ps-yeolab4/seqdata/20181121_bay001_encode4/181121_K00180_0717_AH25KFBBXY_SR75_Combo/4008_CLIP1_S33_L005_R1_001.fastq.gz,RBFOX3,4008,SHELVE,
RBFOX3_K562_4008,RBFOX3_K562_4008,K562,2,/projects/ps-yeolab4/software/skipper/bb63a25/examples/inputs/InvRiL19.fasta,/projects/ps-yeolab4/seqdata/20181121_bay001_encode4/181121_K00180_0717_AH25KFBBXY_SR75_Combo/4008_INPUT2_S34_L005_R1_001.fastq.gz,2,/projects/ps-yeolab4/software/skipper/bb63a25/examples/inputs/InvRiL19.fasta,/projects/ps-yeolab4/seqdata/20181121_bay001_encode4/181121_K00180_0717_AH25KFBBXY_SR75_Combo/4008_CLIP2_S35_L005_R1_001.fastq.gz,RBFOX3,4008,SHELVE,
GSK3_K562_4009,GSK3_K562_4009,K562,1,/projects/ps-yeolab4/software/skipper/bb63a25/examples/inputs/InvRiL19.fasta,/projects/ps-yeolab4/seqdata/igm-storage1.ucsd.edu/181220_K00180_0734_BH2FYCBBXY_SR75_Combo/4009_IN1_S127_L008_R1_001.fastq.gz,1,/projects/ps-yeolab4/software/skipper/bb63a25/examples/inputs/InvRiL19.fasta,/projects/ps-yeolab4/seqdata/igm-storage1.ucsd.edu/181220_K00180_0734_BH2FYCBBXY_SR75_Combo/4009_CLIP1_S128_L008_R1_001.fastq.gz,GSK3,4009,FAIL,"https://www.jbc.org/article/S0021-9258(20)33825-4/fulltext, phosphrylate FTO, no enrichment at all, region enrichment MTT RNA"
GSK3_K562_4009,GSK3_K562_4009,K562,2,/projects/ps-yeolab4/software/skipper/bb63a25/examples/inputs/InvRiL19.fasta,/projects/ps-yeolab4/seqdata/igm-storage1.ucsd.edu/181220_K00180_0734_BH2FYCBBXY_SR75_Combo/4009_IN2_S129_L008_R1_001.fastq.gz,2,/projects/ps-yeolab4/software/skipper/bb63a25/examples/inputs/InvRiL19.fasta,/projects/ps-yeolab4/seqdata/igm-storage1.ucsd.edu/181220_K00180_0734_BH2FYCBBXY_SR75_Combo/4009_CLIP2_S130_L008_R1_001.fastq.gz,GSK3,4009,FAIL,"https://www.jbc.org/article/S0021-9258(20)33825-4/fulltext, phosphrylate FTO, no enrichment at all, region enrichment MTT RNA"
HNRNPK_K562_4006,HNRNPK_K562_4006,K562,1,/projects/ps-yeolab4/software/skipper/bb63a25/examples/inputs/InvRiL19.fasta,/projects/ps-yeolab4/seqdata/igm-storage1.ucsd.edu/181220_K00180_0734_BH2FYCBBXY_SR75_Combo/4006_IN1_S131_L008_R1_001.fastq.gz,1,/projects/ps-yeolab4/software/skipper/bb63a25/examples/inputs/InvRiL19.fasta,/projects/ps-yeolab4/seqdata/igm-storage1.ucsd.edu/181220_K00180_0734_BH2FYCBBXY_SR75_Combo/4006_CLIP1_S132_L008_R1_001.fastq.gz,HNRNPK,4006,PASS,"similar pattern to ENCODE3, but weaker enrichment"
HNRNPK_K562_4006,HNRNPK_K562_4006,K562,2,/projects/ps-yeolab4/software/skipper/bb63a25/examples/inputs/InvRiL19.fasta,/projects/ps-yeolab4/seqdata/igm-storage1.ucsd.edu/181220_K00180_0734_BH2FYCBBXY_SR75_Combo/4006_IN2_S133_L008_R1_001.fastq.gz,2,/projects/ps-yeolab4/software/skipper/bb63a25/examples/inputs/InvRiL19.fasta,/projects/ps-yeolab4/seqdata/igm-storage1.ucsd.edu/181220_K00180_0734_BH2FYCBBXY_SR75_Combo/4006_CLIP2_S134_L008_R1_001.fastq.gz,HNRNPK,4006,PASS,"similar pattern to ENCODE3, but weaker enrichment"
NPM1_K562_4010,NPM1_K562_4010,K562,1,/projects/ps-yeolab4/software/skipper/bb63a25/examples/inputs/InvRiL19.fasta,/projects/ps-yeolab4/seqdata/igm-storage1.ucsd.edu/181220_K00180_0734_BH2FYCBBXY_SR75_Combo/4010_IN1_S135_L008_R1_001.fastq.gz,1,/projects/ps-yeolab4/software/skipper/bb63a25/examples/inputs/InvRiL19.fasta,/projects/ps-yeolab4/seqdata/igm-storage1.ucsd.edu/181220_K00180_0734_BH2FYCBBXY_SR75_Combo/4010_CLIP1_S136_L008_R1_001.fastq.gz,NPM1,4010,PASS,"Nucleophosmin, binding 50% of H/ACA and C/D box snoRNA"
NPM1_K562_4010,NPM1_K562_4010,K562,2,/projects/ps-yeolab4/software/skipper/bb63a25/examples/inputs/InvRiL19.fasta,/projects/ps-yeolab4/seqdata/igm-storage1.ucsd.edu/181220_K00180_0734_BH2FYCBBXY_SR75_Combo/4010_IN2_S137_L008_R1_001.fastq.gz,2,/projects/ps-yeolab4/software/skipper/bb63a25/examples/inputs/InvRiL19.fasta,/projects/ps-yeolab4/seqdata/igm-storage1.ucsd.edu/181220_K00180_0734_BH2FYCBBXY_SR75_Combo/4010_CLIP2_S138_L008_R1_001.fastq.gz,NPM1,4010,PASS,"Nucleophosmin, binding 50% of H/ACA and C/D box snoRNA"
RPS6_K562_4012,RPS6_K562_4012,K562,1,/projects/ps-yeolab4/software/skipper/bb63a25/examples/inputs/InvRiL19.fasta,/projects/ps-yeolab4/seqdata/igm-storage1.ucsd.edu/181220_K00180_0734_BH2FYCBBXY_SR75_Combo/4012_INPUT1_S56_L004_R1_001.fastq.gz,1,/projects/ps-yeolab4/software/skipper/bb63a25/examples/inputs/InvRiL19.fasta,/projects/ps-yeolab4/seqdata/igm-storage1.ucsd.edu/181220_K00180_0734_BH2FYCBBXY_SR75_Combo/4012_CLIP1_S57_L004_R1_001.fastq.gz,RPS6,4012,PASS,ok enrichment throughout CDS
RPS6_K562_4012,RPS6_K562_4012,K562,2,/projects/ps-yeolab4/software/skipper/bb63a25/examples/inputs/InvRiL19.fasta,/projects/ps-yeolab4/seqdata/igm-storage1.ucsd.edu/181220_K00180_0734_BH2FYCBBXY_SR75_Combo/4012_INPUT2_S58_L004_R1_001.fastq.gz,2,/projects/ps-yeolab4/software/skipper/bb63a25/examples/inputs/InvRiL19.fasta,/projects/ps-yeolab4/seqdata/igm-storage1.ucsd.edu/181220_K00180_0734_BH2FYCBBXY_SR75_Combo/4012_CLIP2_S59_L004_R1_001.fastq.gz,RPS6,4012,PASS,ok enrichment throughout CDS
TDP43_K562_4014,TDP43_K562_4014,K562,1,/projects/ps-yeolab4/software/skipper/bb63a25/examples/inputs/InvRiL19.fasta,/projects/ps-yeolab4/seqdata/20190314_Encode_Stefan_Chaim_eCLIP/igm-storage1.ucsd.edu/190312_K00180_0768_AHYGGTBBXX_SR75_Combo/4014_INPUT1_S1_L006_R1_001.fastq.gz,1,/projects/ps-yeolab4/software/skipper/bb63a25/examples/inputs/InvRiL19.fasta,/projects/ps-yeolab4/seqdata/20190314_Encode_Stefan_Chaim_eCLIP/igm-storage1.ucsd.edu/190312_K00180_0768_AHYGGTBBXX_SR75_Combo/4014_CLIP1_S2_L006_R1_001.fastq.gz,TDP43,4014,PASS,RBFOX motif show up
TDP43_K562_4014,TDP43_K562_4014,K562,2,/projects/ps-yeolab4/software/skipper/bb63a25/examples/inputs/InvRiL19.fasta,/projects/ps-yeolab4/seqdata/20190314_Encode_Stefan_Chaim_eCLIP/igm-storage1.ucsd.edu/190312_K00180_0768_AHYGGTBBXX_SR75_Combo/4014_INPUT2_S3_L006_R1_001.fastq.gz,2,/projects/ps-yeolab4/software/skipper/bb63a25/examples/inputs/InvRiL19.fasta,/projects/ps-yeolab4/seqdata/20190314_Encode_Stefan_Chaim_eCLIP/igm-storage1.ucsd.edu/190312_K00180_0768_AHYGGTBBXX_SR75_Combo/4014_CLIP2_S4_L006_R1_001.fastq.gz,TDP43,4014,PASS,RBFOX motif show up
PSMA1_K562_4017,PSMA1_K562_4017,K562,1,/projects/ps-yeolab4/software/skipper/bb63a25/examples/inputs/InvRiL19.fasta,/projects/ps-yeolab4/seqdata/20190314_Encode_Stefan_Chaim_eCLIP/igm-storage1.ucsd.edu/190312_K00180_0768_AHYGGTBBXX_SR75_Combo/4017_INPUT1_S33_L008_R1_001.fastq.gz,1,/projects/ps-yeolab4/software/skipper/bb63a25/examples/inputs/InvRiL19.fasta,/projects/ps-yeolab4/seqdata/20190314_Encode_Stefan_Chaim_eCLIP/igm-storage1.ucsd.edu/190312_K00180_0768_AHYGGTBBXX_SR75_Combo/4017_CLIP1_S34_L008_R1_001.fastq.gz,PSMA1,4017,FAIL,"rep2 doesn't work, non specific peaks"
PSMA1_K562_4017,PSMA1_K562_4017,K562,2,/projects/ps-yeolab4/software/skipper/bb63a25/examples/inputs/InvRiL19.fasta,/projects/ps-yeolab4/seqdata/20190314_Encode_Stefan_Chaim_eCLIP/igm-storage1.ucsd.edu/190312_K00180_0768_AHYGGTBBXX_SR75_Combo/4017_INPUT2_S35_L008_R1_001.fastq.gz,2,/projects/ps-yeolab4/software/skipper/bb63a25/examples/inputs/InvRiL19.fasta,/projects/ps-yeolab4/seqdata/20190314_Encode_Stefan_Chaim_eCLIP/igm-storage1.ucsd.edu/190312_K00180_0768_AHYGGTBBXX_SR75_Combo/4017_CLIP2_S36_L008_R1_001.fastq.gz,PSMA1,4017,FAIL,"rep2 doesn't work, non specific peaks"
EIF4E_K562_4018,EIF4E_K562_4018,K562,1,/projects/ps-yeolab4/software/skipper/bb63a25/examples/inputs/InvRiL19.fasta,/projects/ps-yeolab4/seqdata/20190314_Encode_Stefan_Chaim_eCLIP/igm-storage1.ucsd.edu/190312_K00180_0768_AHYGGTBBXX_SR75_Combo/4018_INPUT1_S5_L006_R1_001.fastq.gz,1,/projects/ps-yeolab4/software/skipper/bb63a25/examples/inputs/InvRiL19.fasta,/projects/ps-yeolab4/seqdata/20190314_Encode_Stefan_Chaim_eCLIP/igm-storage1.ucsd.edu/190312_K00180_0768_AHYGGTBBXX_SR75_Combo/4018_CLIP1_S6_L006_R1_001.fastq.gz,EIF4E,4018,PASS,Evan maybe double check peaks; ok enrichment in 5'UTR
EIF4E_K562_4018,EIF4E_K562_4018,K562,2,/projects/ps-yeolab4/software/skipper/bb63a25/examples/inputs/InvRiL19.fasta,/projects/ps-yeolab4/seqdata/20190314_Encode_Stefan_Chaim_eCLIP/igm-storage1.ucsd.edu/190312_K00180_0768_AHYGGTBBXX_SR75_Combo/4018_INPUT2_S7_L006_R1_001.fastq.gz,2,/projects/ps-yeolab4/software/skipper/bb63a25/examples/inputs/InvRiL19.fasta,/projects/ps-yeolab4/seqdata/20190314_Encode_Stefan_Chaim_eCLIP/igm-storage1.ucsd.edu/190312_K00180_0768_AHYGGTBBXX_SR75_Combo/4018_CLIP2_S8_L006_R1_001.fastq.gz,EIF4E,4018,PASS,Evan maybe double check peaks; ok enrichment in 5'UTR
KPNB1_K562_4019,KPNB1_K562_4019,K562,1,/projects/ps-yeolab4/software/skipper/bb63a25/examples/inputs/InvRiL19.fasta,/projects/ps-yeolab4/seqdata/20190314_Encode_Stefan_Chaim_eCLIP/igm-storage1.ucsd.edu/190312_K00180_0768_AHYGGTBBXX_SR75_Combo/4019_INPUT1_S9_L006_R1_001.fastq.gz,1,/projects/ps-yeolab4/software/skipper/bb63a25/examples/inputs/InvRiL19.fasta,/projects/ps-yeolab4/seqdata/20190314_Encode_Stefan_Chaim_eCLIP/igm-storage1.ucsd.edu/190312_K00180_0768_AHYGGTBBXX_SR75_Combo/4019_CLIP1_S10_L006_R1_001.fastq.gz,KPNB1,4019,FAIL,not specific binding
KPNB1_K562_4019,KPNB1_K562_4019,K562,2,/projects/ps-yeolab4/software/skipper/bb63a25/examples/inputs/InvRiL19.fasta,/projects/ps-yeolab4/seqdata/20190314_Encode_Stefan_Chaim_eCLIP/igm-storage1.ucsd.edu/190312_K00180_0768_AHYGGTBBXX_SR75_Combo/4019_INPUT2_S11_L006_R1_001.fastq.gz,2,/projects/ps-yeolab4/software/skipper/bb63a25/examples/inputs/InvRiL19.fasta,/projects/ps-yeolab4/seqdata/20190314_Encode_Stefan_Chaim_eCLIP/igm-storage1.ucsd.edu/190312_K00180_0768_AHYGGTBBXX_SR75_Combo/4019_CLIP2_S12_L006_R1_001.fastq.gz,KPNB1,4019,FAIL,not specific binding
NCL_K562_4035,NCL_K562_4035,K562,1,/projects/ps-yeolab4/software/skipper/bb63a25/examples/inputs/InvRiL19.fasta,/projects/ps-yeolab4/seqdata/20190610_meredith_kathy_nazia_clips/190520_K00180_0819_AH7FTCBBXY_SR75_Combo/4035_INPUT1_S1_L001_R1_001.fastq.gz,1,/projects/ps-yeolab4/software/skipper/bb63a25/examples/inputs/InvRNA2.fasta,/projects/ps-yeolab4/seqdata/20190610_meredith_kathy_nazia_clips/190520_K00180_0819_AH7FTCBBXY_SR75_Combo/4035_CLIP1_S2_L001_R1_001.fastq.gz,NCL,4035,PASS,"nucleolin, binds many snoRNA"
NCL_K562_4035,NCL_K562_4035,K562,2,/projects/ps-yeolab4/software/skipper/bb63a25/examples/inputs/InvRiL19.fasta,/projects/ps-yeolab4/seqdata/20190610_meredith_kathy_nazia_clips/190520_K00180_0819_AH7FTCBBXY_SR75_Combo/4035_INPUT2_S3_L001_R1_001.fastq.gz,2,/projects/ps-yeolab4/software/skipper/bb63a25/examples/inputs/InvRNA2.fasta,/projects/ps-yeolab4/seqdata/20190610_meredith_kathy_nazia_clips/190520_K00180_0819_AH7FTCBBXY_SR75_Combo/4035_CLIP2_S4_L001_R1_001.fastq.gz,NCL,4035,PASS,"nucleolin, binds many snoRNA"
EEF2_K562_4037,EEF2_K562_4037,K562,1,/projects/ps-yeolab4/software/skipper/bb63a25/examples/inputs/InvRiL19.fasta,/projects/ps-yeolab4/seqdata/20190610_meredith_kathy_nazia_clips/190520_K00180_0819_AH7FTCBBXY_SR75_Combo/4037_INPUT1_S5_L001_R1_001.fastq.gz,1,/projects/ps-yeolab4/software/skipper/bb63a25/examples/inputs/InvRNA2.fasta,/projects/ps-yeolab4/seqdata/20190610_meredith_kathy_nazia_clips/190520_K00180_0819_AH7FTCBBXY_SR75_Combo/4037_CLIP1_S6_L001_R1_001.fastq.gz,EEF2,4037,PASS,literature says it has something to do with tRNA states during translation
EEF2_K562_4037,EEF2_K562_4037,K562,2,/projects/ps-yeolab4/software/skipper/bb63a25/examples/inputs/InvRiL19.fasta,/projects/ps-yeolab4/seqdata/20190610_meredith_kathy_nazia_clips/190520_K00180_0819_AH7FTCBBXY_SR75_Combo/4037_INPUT2_S7_L001_R1_001.fastq.gz,2,/projects/ps-yeolab4/software/skipper/bb63a25/examples/inputs/InvRNA2.fasta,/projects/ps-yeolab4/seqdata/20190610_meredith_kathy_nazia_clips/190520_K00180_0819_AH7FTCBBXY_SR75_Combo/4037_CLIP2_S8_L001_R1_001.fastq.gz,EEF2,4037,PASS,literature says it has something to do with tRNA states during translation
SMAD2_K562_4038,SMAD2_K562_4038,K562,1,/projects/ps-yeolab4/software/skipper/bb63a25/examples/inputs/InvRiL19.fasta,/projects/ps-yeolab4/seqdata/20190610_meredith_kathy_nazia_clips/190520_K00180_0819_AH7FTCBBXY_SR75_Combo/4038_INPUT1_S9_L001_R1_001.fastq.gz,1,/projects/ps-yeolab4/software/skipper/bb63a25/examples/inputs/InvRNA2.fasta,/projects/ps-yeolab4/seqdata/20190610_meredith_kathy_nazia_clips/190520_K00180_0819_AH7FTCBBXY_SR75_Combo/4038_CLIP1_S10_L001_R1_001.fastq.gz,SMAD2,4038,FAIL,"1 rep don't work, need redo?"
SMAD2_K562_4038,SMAD2_K562_4038,K562,2,/projects/ps-yeolab4/software/skipper/bb63a25/examples/inputs/InvRiL19.fasta,/projects/ps-yeolab4/seqdata/20190610_meredith_kathy_nazia_clips/190520_K00180_0819_AH7FTCBBXY_SR75_Combo/4038_INPUT2_S11_L001_R1_001.fastq.gz,2,/projects/ps-yeolab4/software/skipper/bb63a25/examples/inputs/InvRNA2.fasta,/projects/ps-yeolab4/seqdata/20190610_meredith_kathy_nazia_clips/190520_K00180_0819_AH7FTCBBXY_SR75_Combo/4038_CLIP2_S12_L001_R1_001.fastq.gz,SMAD2,4038,FAIL,"1 rep don't work, need redo?"
GARS_K562_4040,GARS_K562_4040,K562,1,/projects/ps-yeolab4/software/skipper/bb63a25/examples/inputs/InvRiL19.fasta,/projects/ps-yeolab4/seqdata/20190610_meredith_kathy_nazia_clips/190520_K00180_0819_AH7FTCBBXY_SR75_Combo/4040_INPUT1_S13_L001_R1_001.fastq.gz,1,/projects/ps-yeolab4/software/skipper/bb63a25/examples/inputs/InvRiL19.fasta,/projects/ps-yeolab4/seqdata/20190610_meredith_kathy_nazia_clips/190520_K00180_0819_AH7FTCBBXY_SR75_Combo/4040_CLIP1_S14_L001_R1_001.fastq.gz,GARS,4040,PASS,why bind non-coding
GARS_K562_4040,GARS_K562_4040,K562,2,/projects/ps-yeolab4/software/skipper/bb63a25/examples/inputs/InvRiL19.fasta,/projects/ps-yeolab4/seqdata/20190610_meredith_kathy_nazia_clips/190520_K00180_0819_AH7FTCBBXY_SR75_Combo/4040_INPUT2_S15_L001_R1_001.fastq.gz,2,/projects/ps-yeolab4/software/skipper/bb63a25/examples/inputs/InvRiL19.fasta,/projects/ps-yeolab4/seqdata/20190610_meredith_kathy_nazia_clips/190520_K00180_0819_AH7FTCBBXY_SR75_Combo/4040_CLIP2_S16_L001_R1_001.fastq.gz,GARS,4040,PASS,why bind non-coding
ELAVL1_K562_4044,ELAVL1_K562_4044,K562,1,/projects/ps-yeolab4/software/skipper/bb63a25/examples/inputs/InvRiL19.fasta,/projects/ps-yeolab4/seqdata/20190610_meredith_kathy_nazia_clips/190520_K00180_0819_AH7FTCBBXY_SR75_Combo/4044_INPUT1_S17_L002_R1_001.fastq.gz,1,/projects/ps-yeolab4/software/skipper/bb63a25/examples/inputs/InvRiL19.fasta,/projects/ps-yeolab4/seqdata/20190610_meredith_kathy_nazia_clips/190520_K00180_0819_AH7FTCBBXY_SR75_Combo/4044_CLIP1_S18_L002_R1_001.fastq.gz,ELAVL1,4044,PASS,
ELAVL1_K562_4044,ELAVL1_K562_4044,K562,2,/projects/ps-yeolab4/software/skipper/bb63a25/examples/inputs/InvRiL19.fasta,/projects/ps-yeolab4/seqdata/20190610_meredith_kathy_nazia_clips/190520_K00180_0819_AH7FTCBBXY_SR75_Combo/4044_INPUT2_S19_L002_R1_001.fastq.gz,2,/projects/ps-yeolab4/software/skipper/bb63a25/examples/inputs/InvRiL19.fasta,/projects/ps-yeolab4/seqdata/20190610_meredith_kathy_nazia_clips/190520_K00180_0819_AH7FTCBBXY_SR75_Combo/4044_CLIP2_S20_L002_R1_001.fastq.gz,ELAVL1,4044,PASS,
NSUN4_K562_4047,NSUN4_K562_4047,K562,1,/projects/ps-yeolab4/software/skipper/bb63a25/examples/inputs/InvRiL19.fasta,/projects/ps-yeolab4/seqdata/20190610_meredith_kathy_nazia_clips/190520_K00180_0819_AH7FTCBBXY_SR75_Combo/4047_INPUT1_S27_L002_R1_001.fastq.gz,1,/projects/ps-yeolab4/software/skipper/bb63a25/examples/inputs/InvRiL19.fasta,/projects/ps-yeolab4/seqdata/20190610_meredith_kathy_nazia_clips/190520_K00180_0819_AH7FTCBBXY_SR75_Combo/4047_CLIP1_S28_L002_R1_001.fastq.gz,NSUN4,4047,PASS,"enrichment in tRNA, but less strong than NSUN2(4215)"
NSUN4_K562_4047,NSUN4_K562_4047,K562,2,/projects/ps-yeolab4/software/skipper/bb63a25/examples/inputs/InvRiL19.fasta,/projects/ps-yeolab4/seqdata/20190610_meredith_kathy_nazia_clips/190520_K00180_0819_AH7FTCBBXY_SR75_Combo/4047_INPUT2_S29_L002_R1_001.fastq.gz,2,/projects/ps-yeolab4/software/skipper/bb63a25/examples/inputs/InvRiL19.fasta,/projects/ps-yeolab4/seqdata/20190610_meredith_kathy_nazia_clips/190520_K00180_0819_AH7FTCBBXY_SR75_Combo/4047_CLIP2_S30_L002_R1_001.fastq.gz,NSUN4,4047,PASS,"enrichment in tRNA, but less strong than NSUN2(4215)"
TAF9_K562_4052,TAF9_K562_4052,K562,1,/projects/ps-yeolab4/software/skipper/bb63a25/examples/inputs/InvRiL19.fasta,/projects/ps-yeolab4/seqdata/20190610_meredith_kathy_nazia_clips/190520_K00180_0819_AH7FTCBBXY_SR75_Combo/4052_INPUT1_S31_L002_R1_001.fastq.gz,1,/projects/ps-yeolab4/software/skipper/bb63a25/examples/inputs/InvRiL19.fasta,/projects/ps-yeolab4/seqdata/20190610_meredith_kathy_nazia_clips/190520_K00180_0819_AH7FTCBBXY_SR75_Combo/4052_CLIP1_S32_L002_R1_001.fastq.gz,TAF9,4052,FAIL,nonspecific peak
TAF9_K562_4052,TAF9_K562_4052,K562,2,/projects/ps-yeolab4/software/skipper/bb63a25/examples/inputs/InvRiL19.fasta,/projects/ps-yeolab4/seqdata/20190610_meredith_kathy_nazia_clips/190520_K00180_0819_AH7FTCBBXY_SR75_Combo/4052_INPUT2_S33_L002_R1_001.fastq.gz,2,/projects/ps-yeolab4/software/skipper/bb63a25/examples/inputs/InvRiL19.fasta,/projects/ps-yeolab4/seqdata/20190610_meredith_kathy_nazia_clips/190520_K00180_0819_AH7FTCBBXY_SR75_Combo/4052_CLIP2_S34_L002_R1_001.fastq.gz,TAF9,4052,FAIL,nonspecific peak
RPL28_K562_4053,RPL28_K562_4053,K562,1,/projects/ps-yeolab4/software/skipper/bb63a25/examples/inputs/InvRiL19.fasta,/projects/ps-yeolab4/seqdata/20190610_meredith_kathy_nazia_clips/190520_K00180_0819_AH7FTCBBXY_SR75_Combo/4053_INPUT1_S47_L003_R1_001.fastq.gz,1,/projects/ps-yeolab4/software/skipper/bb63a25/examples/inputs/InvRiL19.fasta,/projects/ps-yeolab4/seqdata/20190610_meredith_kathy_nazia_clips/190520_K00180_0819_AH7FTCBBXY_SR75_Combo/4053_CLIP1_S48_L003_R1_001.fastq.gz,RPL28,4053,SHELVE,EEF exons shows up a lot
RPL28_K562_4053,RPL28_K562_4053,K562,2,/projects/ps-yeolab4/software/skipper/bb63a25/examples/inputs/InvRiL19.fasta,/projects/ps-yeolab4/seqdata/20190610_meredith_kathy_nazia_clips/190520_K00180_0819_AH7FTCBBXY_SR75_Combo/4053_INPUT2_S49_L003_R1_001.fastq.gz,2,/projects/ps-yeolab4/software/skipper/bb63a25/examples/inputs/InvRiL19.fasta,/projects/ps-yeolab4/seqdata/20190610_meredith_kathy_nazia_clips/190520_K00180_0819_AH7FTCBBXY_SR75_Combo/4053_CLIP2_S50_L003_R1_001.fastq.gz,RPL28,4053,SHELVE,EEF exons shows up a lot
DDX47_K562_4050,DDX47_K562_4050,K562,1,/projects/ps-yeolab4/software/skipper/bb63a25/examples/inputs/InvRiL19.fasta,/projects/ps-yeolab4/seqdata/20190610_meredith_kathy_nazia_clips/190520_K00180_0819_AH7FTCBBXY_SR75_Combo/4050_INPUT1_S74_L005_R1_001.fastq.gz,1,/projects/ps-yeolab4/software/skipper/bb63a25/examples/inputs/InvRiL19.fasta,/projects/ps-yeolab4/seqdata/20190610_meredith_kathy_nazia_clips/190520_K00180_0819_AH7FTCBBXY_SR75_Combo/4050_CLIP1_S75_L005_R1_001.fastq.gz,DDX47,4050,PASS,
DDX47_K562_4050,DDX47_K562_4050,K562,2,/projects/ps-yeolab4/software/skipper/bb63a25/examples/inputs/InvRiL19.fasta,/projects/ps-yeolab4/seqdata/20190610_meredith_kathy_nazia_clips/190520_K00180_0819_AH7FTCBBXY_SR75_Combo/4050_INPUT2_S76_L005_R1_001.fastq.gz,2,/projects/ps-yeolab4/software/skipper/bb63a25/examples/inputs/InvRiL19.fasta,/projects/ps-yeolab4/seqdata/20190610_meredith_kathy_nazia_clips/190520_K00180_0819_AH7FTCBBXY_SR75_Combo/4050_CLIP2_S77_L005_R1_001.fastq.gz,DDX47,4050,PASS,
DAP5_K562_4059,DAP5_K562_4059,K562,1,/projects/ps-yeolab4/software/skipper/bb63a25/examples/inputs/InvRiL19.fasta,/projects/ps-yeolab4/seqdata/20190610_meredith_kathy_nazia_clips/190520_K00180_0819_AH7FTCBBXY_SR75_Combo/4059_INPUT1_S78_L005_R1_001.fastq.gz,1,/projects/ps-yeolab4/software/skipper/bb63a25/examples/inputs/InvRiL19.fasta,/projects/ps-yeolab4/seqdata/20190610_meredith_kathy_nazia_clips/190520_K00180_0819_AH7FTCBBXY_SR75_Combo/4059_CLIP1_S79_L005_R1_001.fastq.gz,DAP5,4059,FAIL,bind bidirectional transcription with GGGGGG amino acid
DAP5_K562_4059,DAP5_K562_4059,K562,2,/projects/ps-yeolab4/software/skipper/bb63a25/examples/inputs/InvRiL19.fasta,/projects/ps-yeolab4/seqdata/20190610_meredith_kathy_nazia_clips/190520_K00180_0819_AH7FTCBBXY_SR75_Combo/4059_INPUT2_S80_L005_R1_001.fastq.gz,2,/projects/ps-yeolab4/software/skipper/bb63a25/examples/inputs/InvRiL19.fasta,/projects/ps-yeolab4/seqdata/20190610_meredith_kathy_nazia_clips/190520_K00180_0819_AH7FTCBBXY_SR75_Combo/4059_CLIP2_S81_L005_R1_001.fastq.gz,DAP5,4059,FAIL,bind bidirectional transcription with GGGGGG amino acid
SRSF1_K562_4045,SRSF1_K562_4045,K562,1,/projects/ps-yeolab4/software/skipper/bb63a25/examples/inputs/InvRiL19.fasta,/projects/ps-yeolab4/seqdata/20190610_meredith_kathy_nazia_clips/190520_K00180_0819_AH7FTCBBXY_SR75_Combo/4045_INPUT1_S82_L005_R1_001.fastq.gz,1,/projects/ps-yeolab4/software/skipper/bb63a25/examples/inputs/InvRNA2.fasta,/projects/ps-yeolab4/seqdata/20190610_meredith_kathy_nazia_clips/190520_K00180_0819_AH7FTCBBXY_SR75_Combo/4045_CLIP1_S83_L005_R1_001.fastq.gz,SRSF1,4045,PASS,enrichement very similar to other SRSF in ENCODE 3
SRSF1_K562_4045,SRSF1_K562_4045,K562,2,/projects/ps-yeolab4/software/skipper/bb63a25/examples/inputs/InvRiL19.fasta,/projects/ps-yeolab4/seqdata/20190610_meredith_kathy_nazia_clips/190520_K00180_0819_AH7FTCBBXY_SR75_Combo/4045_INPUT2_S84_L005_R1_001.fastq.gz,2,/projects/ps-yeolab4/software/skipper/bb63a25/examples/inputs/InvRNA2.fasta,/projects/ps-yeolab4/seqdata/20190610_meredith_kathy_nazia_clips/190520_K00180_0819_AH7FTCBBXY_SR75_Combo/4045_CLIP2_S85_L005_R1_001.fastq.gz,SRSF1,4045,PASS,enrichement very similar to other SRSF in ENCODE 3
GEMIN2_K562_4054,GEMIN2_K562_4054,K562,1,/projects/ps-yeolab4/software/skipper/bb63a25/examples/inputs/InvRiL19.fasta,/projects/ps-yeolab4/seqdata/20190610_meredith_kathy_nazia_clips/190520_K00180_0819_AH7FTCBBXY_SR75_Combo/4054_INPUT1_S86_L006_R1_001.fastq.gz,1,/projects/ps-yeolab4/software/skipper/bb63a25/examples/inputs/InvRiL19.fasta,/projects/ps-yeolab4/seqdata/20190610_meredith_kathy_nazia_clips/190520_K00180_0819_AH7FTCBBXY_SR75_Combo/4054_CLIP1_S87_L006_R1_001.fastq.gz,GEMIN2,4054,FAIL,compare to GEMIN5
GEMIN2_K562_4054,GEMIN2_K562_4054,K562,2,/projects/ps-yeolab4/software/skipper/bb63a25/examples/inputs/InvRiL19.fasta,/projects/ps-yeolab4/seqdata/20190610_meredith_kathy_nazia_clips/190520_K00180_0819_AH7FTCBBXY_SR75_Combo/4054_INPUT2_S88_L006_R1_001.fastq.gz,2,/projects/ps-yeolab4/software/skipper/bb63a25/examples/inputs/InvRiL19.fasta,/projects/ps-yeolab4/seqdata/20190610_meredith_kathy_nazia_clips/190520_K00180_0819_AH7FTCBBXY_SR75_Combo/4054_CLIP2_S89_L006_R1_001.fastq.gz,GEMIN2,4054,FAIL,compare to GEMIN5
FUBP1_K562_4055,FUBP1_K562_4055,K562,1,/projects/ps-yeolab4/software/skipper/bb63a25/examples/inputs/InvRiL19.fasta,/projects/ps-yeolab4/seqdata/20190610_meredith_kathy_nazia_clips/190520_K00180_0819_AH7FTCBBXY_SR75_Combo/4055_INPUT1_S90_L006_R1_001.fastq.gz,1,/projects/ps-yeolab4/software/skipper/bb63a25/examples/inputs/InvRiL19.fasta,/projects/ps-yeolab4/seqdata/20190610_meredith_kathy_nazia_clips/190520_K00180_0819_AH7FTCBBXY_SR75_Combo/4055_CLIP1_S91_L006_R1_001.fastq.gz,FUBP1,4055,PASS,enrichment over entire RNA
FUBP1_K562_4055,FUBP1_K562_4055,K562,2,/projects/ps-yeolab4/software/skipper/bb63a25/examples/inputs/InvRiL19.fasta,/projects/ps-yeolab4/seqdata/20190610_meredith_kathy_nazia_clips/190520_K00180_0819_AH7FTCBBXY_SR75_Combo/4055_INPUT2_S92_L006_R1_001.fastq.gz,2,/projects/ps-yeolab4/software/skipper/bb63a25/examples/inputs/InvRiL19.fasta,/projects/ps-yeolab4/seqdata/20190610_meredith_kathy_nazia_clips/190520_K00180_0819_AH7FTCBBXY_SR75_Combo/4055_CLIP2_S93_L006_R1_001.fastq.gz,FUBP1,4055,PASS,enrichment over entire RNA
SRSF5_K562_4058,SRSF5_K562_4058,K562,1,/projects/ps-yeolab4/software/skipper/bb63a25/examples/inputs/InvRiL19.fasta,/projects/ps-yeolab4/seqdata/20190610_meredith_kathy_nazia_clips/190520_K00180_0819_AH7FTCBBXY_SR75_Combo/4058_INPUT1_S94_L006_R1_001.fastq.gz,1,/projects/ps-yeolab4/software/skipper/bb63a25/examples/inputs/InvRiL19.fasta,/projects/ps-yeolab4/seqdata/20190610_meredith_kathy_nazia_clips/190520_K00180_0819_AH7FTCBBXY_SR75_Combo/4058_CLIP1_S95_L006_R1_001.fastq.gz,SRSF5,4058,PASS,enrichement very similar to other SRSF in ENCODE 3
SRSF5_K562_4058,SRSF5_K562_4058,K562,2,/projects/ps-yeolab4/software/skipper/bb63a25/examples/inputs/InvRiL19.fasta,/projects/ps-yeolab4/seqdata/20190610_meredith_kathy_nazia_clips/190520_K00180_0819_AH7FTCBBXY_SR75_Combo/4058_INPUT2_S96_L006_R1_001.fastq.gz,2,/projects/ps-yeolab4/software/skipper/bb63a25/examples/inputs/InvRiL19.fasta,/projects/ps-yeolab4/seqdata/20190610_meredith_kathy_nazia_clips/190520_K00180_0819_AH7FTCBBXY_SR75_Combo/4058_CLIP2_S97_L006_R1_001.fastq.gz,SRSF5,4058,PASS,enrichement very similar to other SRSF in ENCODE 3
MBNL1_K562_4056,MBNL1_K562_4056,K562,1,/projects/ps-yeolab4/software/skipper/bb63a25/examples/inputs/InvRiL19.fasta,/projects/ps-yeolab4/seqdata/20190610_meredith_kathy_nazia_clips/190520_K00180_0819_AH7FTCBBXY_SR75_Combo/4056_INPUT1_S98_L006_R1_001.fastq.gz,1,/projects/ps-yeolab4/software/skipper/bb63a25/examples/inputs/InvRiL19.fasta,/projects/ps-yeolab4/seqdata/20190610_meredith_kathy_nazia_clips/190520_K00180_0819_AH7FTCBBXY_SR75_Combo/4056_CLIP1_S99_L006_R1_001.fastq.gz,MBNL1,4056,PASS,
MBNL1_K562_4056,MBNL1_K562_4056,K562,2,/projects/ps-yeolab4/software/skipper/bb63a25/examples/inputs/InvRiL19.fasta,/projects/ps-yeolab4/seqdata/20190610_meredith_kathy_nazia_clips/190520_K00180_0819_AH7FTCBBXY_SR75_Combo/4056_INPUT2_S100_L006_R1_001.fastq.gz,2,/projects/ps-yeolab4/software/skipper/bb63a25/examples/inputs/InvRiL19.fasta,/projects/ps-yeolab4/seqdata/20190610_meredith_kathy_nazia_clips/190520_K00180_0819_AH7FTCBBXY_SR75_Combo/4056_CLIP2_S101_L006_R1_001.fastq.gz,MBNL1,4056,PASS,
SF3A1_K562_4048,SF3A1_K562_4048,K562,1,/projects/ps-yeolab4/software/skipper/bb63a25/examples/inputs/InvRiL19.fasta,/projects/ps-yeolab4/seqdata/20190605_steven_luc7l2/4048_INPUT1_S9_L008_R1_001.fastq.gz,1,/projects/ps-yeolab4/software/skipper/bb63a25/examples/inputs/InvRiL19.fasta,/projects/ps-yeolab4/seqdata/20190605_steven_luc7l2/4048_CLIP1_S10_L008_R1_001.fastq.gz,SF3A1,4048,PASS,specific peak shape tailing 3'ss?
SF3A1_K562_4048,SF3A1_K562_4048,K562,2,/projects/ps-yeolab4/software/skipper/bb63a25/examples/inputs/InvRiL19.fasta,/projects/ps-yeolab4/seqdata/20190605_steven_luc7l2/4048_INPUT2_S11_L008_R1_001.fastq.gz,2,/projects/ps-yeolab4/software/skipper/bb63a25/examples/inputs/InvRiL19.fasta,/projects/ps-yeolab4/seqdata/20190605_steven_luc7l2/4048_CLIP2_S12_L008_R1_001.fastq.gz,SF3A1,4048,PASS,specific peak shape tailing 3'ss?
RECQ1_K562_4049,RECQ1_K562_4049,K562,1,/projects/ps-yeolab4/software/skipper/bb63a25/examples/inputs/InvRiL19.fasta,/projects/ps-yeolab4/seqdata/20190605_steven_luc7l2/4049_INPUT1_S13_L008_R1_001.fastq.gz,1,/projects/ps-yeolab4/software/skipper/bb63a25/examples/inputs/InvRiL19.fasta,/projects/ps-yeolab4/seqdata/20190605_steven_luc7l2/4049_CLIP1_S14_L008_R1_001.fastq.gz,RECQ1,4049,PASS,"many chrM, ab cross react with RECQ4? enriched all over exon and cds"
RECQ1_K562_4049,RECQ1_K562_4049,K562,2,/projects/ps-yeolab4/software/skipper/bb63a25/examples/inputs/InvRiL19.fasta,/projects/ps-yeolab4/seqdata/20190605_steven_luc7l2/4049_INPUT2_S15_L008_R1_001.fastq.gz,2,/projects/ps-yeolab4/software/skipper/bb63a25/examples/inputs/InvRiL19.fasta,/projects/ps-yeolab4/seqdata/20190605_steven_luc7l2/4049_CLIP2_S16_L008_R1_001.fastq.gz,RECQ1,4049,PASS,"many chrM, ab cross react with RECQ4? enriched all over exon and cds"
FMRP_K562_4030,FMRP_K562_4030,K562,1,/projects/ps-yeolab4/software/skipper/bb63a25/examples/inputs/InvRiL19.fasta,/projects/ps-yeolab4/seqdata/20200204_encode_florian_clips/igm-storage2.ucsd.edu/191206_A00953_0034_AHH7JMDRXX/Fastq/4030_INPUT1_S1_L001_R1_001.fastq.gz,1,/projects/ps-yeolab4/software/skipper/bb63a25/examples/inputs/InvRNA3.fasta,/projects/ps-yeolab4/seqdata/20200204_encode_florian_clips/igm-storage2.ucsd.edu/191206_A00953_0034_AHH7JMDRXX/Fastq/4030_CLIP1_S2_L001_R1_001.fastq.gz,FMRP,4030,PASS,"pass, very clear enrichment"
FMRP_K562_4030,FMRP_K562_4030,K562,2,/projects/ps-yeolab4/software/skipper/bb63a25/examples/inputs/InvRiL19.fasta,/projects/ps-yeolab4/seqdata/20200204_encode_florian_clips/igm-storage2.ucsd.edu/191206_A00953_0034_AHH7JMDRXX/Fastq/4030_INPUT2_S3_L001_R1_001.fastq.gz,2,/projects/ps-yeolab4/software/skipper/bb63a25/examples/inputs/InvRNA3.fasta,/projects/ps-yeolab4/seqdata/20200204_encode_florian_clips/igm-storage2.ucsd.edu/191206_A00953_0034_AHH7JMDRXX/Fastq/4030_CLIP2_S4_L001_R1_001.fastq.gz,FMRP,4030,PASS,"pass, very clear enrichment"
FXR1_K562_4036,FXR1_K562_4036,K562,1,/projects/ps-yeolab4/software/skipper/bb63a25/examples/inputs/InvRiL19.fasta,/projects/ps-yeolab4/seqdata/20200204_encode_florian_clips/igm-storage2.ucsd.edu/191206_A00953_0034_AHH7JMDRXX/Fastq/CGCTCATT_AGGCGAAG_S26_L001_R1_001.fastq.gz,1,/projects/ps-yeolab4/software/skipper/bb63a25/examples/inputs/InvRiL19.fasta,/projects/ps-yeolab4/seqdata/20200204_encode_florian_clips/igm-storage2.ucsd.edu/191206_A00953_0034_AHH7JMDRXX/Fastq/CGCTCATT_TAATCTTA_S25_L001_R1_001.fastq.gz,FXR1,4036,PASS,overall good
FXR1_K562_4036,FXR1_K562_4036,K562,2,/projects/ps-yeolab4/software/skipper/bb63a25/examples/inputs/InvRiL19.fasta,/projects/ps-yeolab4/seqdata/20200204_encode_florian_clips/igm-storage2.ucsd.edu/191206_A00953_0034_AHH7JMDRXX/Fastq/4036_INPUT2_S7_L001_R1_001.fastq.gz,2,/projects/ps-yeolab4/software/skipper/bb63a25/examples/inputs/InvRiL19.fasta,/projects/ps-yeolab4/seqdata/20200204_encode_florian_clips/igm-storage2.ucsd.edu/191206_A00953_0034_AHH7JMDRXX/Fastq/4036_CLIP2_S8_L001_R1_001.fastq.gz,FXR1,4036,PASS,overall good
APEX1_K562_4028,APEX1_K562_4028,K562,1,/projects/ps-yeolab4/software/skipper/bb63a25/examples/inputs/InvRiL19.fasta,/projects/ps-yeolab4/seqdata/20200204_encode_florian_clips/igm-storage2.ucsd.edu/191206_A00953_0034_AHH7JMDRXX/Fastq/4028_INPUT1_S39_L002_R1_001.fastq.gz,1,/projects/ps-yeolab4/software/skipper/bb63a25/examples/inputs/InvRNA3.fasta,/projects/ps-yeolab4/seqdata/20200204_encode_florian_clips/igm-storage2.ucsd.edu/191206_A00953_0034_AHH7JMDRXX/Fastq/4028_CLIP1_S40_L002_R1_001.fastq.gz,APEX1,4028,PASS,pass
APEX1_K562_4028,APEX1_K562_4028,K562,2,/projects/ps-yeolab4/software/skipper/bb63a25/examples/inputs/InvRiL19.fasta,/projects/ps-yeolab4/seqdata/20200204_encode_florian_clips/igm-storage2.ucsd.edu/191206_A00953_0034_AHH7JMDRXX/Fastq/4028_INPUT2_S41_L002_R1_001.fastq.gz,2,/projects/ps-yeolab4/software/skipper/bb63a25/examples/inputs/InvRNA3.fasta,/projects/ps-yeolab4/seqdata/20200204_encode_florian_clips/igm-storage2.ucsd.edu/191206_A00953_0034_AHH7JMDRXX/Fastq/4028_CLIP2_S42_L002_R1_001.fastq.gz,APEX1,4028,PASS,pass
SUZ12_K562_4087,SUZ12_K562_4087,K562,1,/projects/ps-yeolab4/software/skipper/bb63a25/examples/inputs/InvRiL19.fasta,/projects/ps-yeolab4/seqdata/20200204_encode_florian_clips/igm-storage2.ucsd.edu/191206_A00953_0034_AHH7JMDRXX/Fastq/4087_INPUT1_S47_L002_R1_001.fastq.gz,1,/projects/ps-yeolab4/software/skipper/bb63a25/examples/inputs/InvRNA3.fasta,/projects/ps-yeolab4/seqdata/20200204_encode_florian_clips/igm-storage2.ucsd.edu/191206_A00953_0034_AHH7JMDRXX/Fastq/4087_CLIP1_S48_L002_R1_001.fastq.gz,SUZ12,4087,FAIL,iCLIP suggest polycomb bind to 3UTR; some suggest PRC regulate pol III (rRNA); not much is observed in positional enrichment
SUZ12_K562_4087,SUZ12_K562_4087,K562,2,/projects/ps-yeolab4/software/skipper/bb63a25/examples/inputs/InvRiL19.fasta,/projects/ps-yeolab4/seqdata/20200204_encode_florian_clips/igm-storage2.ucsd.edu/191206_A00953_0034_AHH7JMDRXX/Fastq/4087_INPUT2_S49_L002_R1_001.fastq.gz,2,/projects/ps-yeolab4/software/skipper/bb63a25/examples/inputs/InvRNA3.fasta,/projects/ps-yeolab4/seqdata/20200204_encode_florian_clips/igm-storage2.ucsd.edu/191206_A00953_0034_AHH7JMDRXX/Fastq/4087_CLIP2_S50_L002_R1_001.fastq.gz,SUZ12,4087,FAIL,iCLIP suggest polycomb bind to 3UTR; some suggest PRC regulate pol III (rRNA); not much is observed in positional enrichment
AGO2_K562_4116,AGO2_K562_4116,K562,1,/projects/ps-yeolab4/software/skipper/bb63a25/examples/inputs/InvRiL19.fasta,/projects/ps-yeolab4/seqdata/20191217_bennett_garshott_rnf10/4116_INPUT1_S42_L002_R1_001.fastq.gz,1,/projects/ps-yeolab4/software/skipper/bb63a25/examples/inputs/InvRNA4.fasta,/projects/ps-yeolab4/seqdata/20191217_bennett_garshott_rnf10/4116_CLIP1_S43_L002_R1_001.fastq.gz,AGO2,4116,PASS,"very strong peaks in miRNA, good"
AGO2_K562_4116,AGO2_K562_4116,K562,2,/projects/ps-yeolab4/software/skipper/bb63a25/examples/inputs/InvRiL19.fasta,/projects/ps-yeolab4/seqdata/20191217_bennett_garshott_rnf10/4116_INPUT2_S44_L002_R1_001.fastq.gz,2,/projects/ps-yeolab4/software/skipper/bb63a25/examples/inputs/InvRNA4.fasta,/projects/ps-yeolab4/seqdata/20191217_bennett_garshott_rnf10/4116_CLIP2_S45_L002_R1_001.fastq.gz,AGO2,4116,PASS,"very strong peaks in miRNA, good"
PRPF39_K562_4068,PRPF39_K562_4068,K562,1,/projects/ps-yeolab4/software/skipper/bb63a25/examples/inputs/InvRiL19.fasta,/projects/ps-yeolab4/seqdata/20200226_encore_clips/igm-storage2.ucsd.edu/200226_K00180_0951_AHGHJFBBXY_SR75_Combo/4068_INPUT1_S47_L004_R1_001.fastq.gz,1,/projects/ps-yeolab4/software/skipper/bb63a25/examples/inputs/InvRNA2.fasta,/projects/ps-yeolab4/seqdata/20200226_encore_clips/igm-storage2.ucsd.edu/200226_K00180_0951_AHGHJFBBXY_SR75_Combo/4068_CLIP1_S48_L004_R1_001.fastq.gz,PRPF39,4068,PASS,positional enrichment analysis show NO enrichment at 5'ss and 3;ss (compare to amoter PRPF39); rep enrich RNU
PRPF39_K562_4068,PRPF39_K562_4068,K562,2,/projects/ps-yeolab4/software/skipper/bb63a25/examples/inputs/InvRiL19.fasta,/projects/ps-yeolab4/seqdata/20200226_encore_clips/igm-storage2.ucsd.edu/200226_K00180_0951_AHGHJFBBXY_SR75_Combo/4068_INPUT2_S49_L004_R1_001.fastq.gz,2,/projects/ps-yeolab4/software/skipper/bb63a25/examples/inputs/InvRNA2.fasta,/projects/ps-yeolab4/seqdata/20200226_encore_clips/igm-storage2.ucsd.edu/200226_K00180_0951_AHGHJFBBXY_SR75_Combo/4068_CLIP2_S50_L004_R1_001.fastq.gz,PRPF39,4068,PASS,positional enrichment analysis show NO enrichment at 5'ss and 3;ss (compare to amoter PRPF39); rep enrich RNU
CTCF_K562_4065,CTCF_K562_4065,K562,1,/projects/ps-yeolab4/software/skipper/bb63a25/examples/inputs/InvRiL19.fasta,/projects/ps-yeolab4/seqdata/20200226_encore_clips/igm-storage2.ucsd.edu/200226_K00180_0951_AHGHJFBBXY_SR75_Combo/4065_INPUT1_S43_L004_R1_001.fastq.gz,1,/projects/ps-yeolab4/software/skipper/bb63a25/examples/inputs/InvRNA2.fasta,/projects/ps-yeolab4/seqdata/20200226_encore_clips/igm-storage2.ucsd.edu/200226_K00180_0951_AHGHJFBBXY_SR75_Combo/4065_CLIP1_S44_L004_R1_001.fastq.gz,CTCF,4065,FAIL,"top peaks are all snoRNA; region is not enriched in anything apparent, has JPX RNA binding"
CTCF_K562_4065,CTCF_K562_4065,K562,2,/projects/ps-yeolab4/software/skipper/bb63a25/examples/inputs/InvRiL19.fasta,/projects/ps-yeolab4/seqdata/20200226_encore_clips/igm-storage2.ucsd.edu/200226_K00180_0951_AHGHJFBBXY_SR75_Combo/4065_INPUT2_S45_L004_R1_001.fastq.gz,2,/projects/ps-yeolab4/software/skipper/bb63a25/examples/inputs/InvRNA2.fasta,/projects/ps-yeolab4/seqdata/20200226_encore_clips/igm-storage2.ucsd.edu/200226_K00180_0951_AHGHJFBBXY_SR75_Combo/4065_CLIP2_S46_L004_R1_001.fastq.gz,CTCF,4065,FAIL,"top peaks are all snoRNA; region is not enriched in anything apparent, has JPX RNA binding"
CXXC1_K562_4088,CXXC1_K562_4088,K562,1,/projects/ps-yeolab4/software/skipper/bb63a25/examples/inputs/InvRiL19.fasta,/projects/ps-yeolab4/seqdata/20200226_encore_clips/igm-storage2.ucsd.edu/200226_K00180_0951_AHGHJFBBXY_SR75_Combo/4088_INPUT1_S64_L005_R1_001.fastq.gz,1,/projects/ps-yeolab4/software/skipper/bb63a25/examples/inputs/InvRNA3.fasta,/projects/ps-yeolab4/seqdata/20200226_encore_clips/igm-storage2.ucsd.edu/200226_K00180_0951_AHGHJFBBXY_SR75_Combo/4088_CLIP1_S65_L005_R1_001.fastq.gz,CXXC1,4088,PASS,"yet another xinc finger, transcriptional activator, enrichment over all exonic region. don't know what to expect; lots of chrM peaks, peaks are not very specific; methylate stuffs epigenetically. "
CXXC1_K562_4088,CXXC1_K562_4088,K562,2,/projects/ps-yeolab4/software/skipper/bb63a25/examples/inputs/InvRiL19.fasta,/projects/ps-yeolab4/seqdata/20200226_encore_clips/igm-storage2.ucsd.edu/200226_K00180_0951_AHGHJFBBXY_SR75_Combo/4088_INPUT2_S66_L005_R1_001.fastq.gz,2,/projects/ps-yeolab4/software/skipper/bb63a25/examples/inputs/InvRNA3.fasta,/projects/ps-yeolab4/seqdata/20200226_encore_clips/igm-storage2.ucsd.edu/200226_K00180_0951_AHGHJFBBXY_SR75_Combo/4088_CLIP2_S67_L005_R1_001.fastq.gz,CXXC1,4088,PASS,"yet another xinc finger, transcriptional activator, enrichment over all exonic region. don't know what to expect; lots of chrM peaks, peaks are not very specific; methylate stuffs epigenetically. "
SUZ12_K562_4126,SUZ12_K562_4126,K562,1,/projects/ps-yeolab4/software/skipper/bb63a25/examples/inputs/InvRiL19.fasta,/projects/ps-yeolab4/seqdata/20200313_encore_clips/igm-storage2.ucsd.edu/200313_A00953_0080_AHK7LTDRXX/Fastq/4126_IN1_S57_L001_R1_001.fastq.gz,1,/projects/ps-yeolab4/software/skipper/bb63a25/examples/inputs/InvRNA2.fasta,/projects/ps-yeolab4/seqdata/20200313_encore_clips/igm-storage2.ucsd.edu/200313_A00953_0080_AHK7LTDRXX/Fastq/4126_CLIP1_S58_L001_R1_001.fastq.gz,SUZ12,4126,FAIL,"peaks in scaRNA, non-sepcific, rep enrichment no reproducile"
SUZ12_K562_4126,SUZ12_K562_4126,K562,2,/projects/ps-yeolab4/software/skipper/bb63a25/examples/inputs/InvRiL19.fasta,/projects/ps-yeolab4/seqdata/20200313_encore_clips/igm-storage2.ucsd.edu/200313_A00953_0080_AHK7LTDRXX/Fastq/4126_IN2_S59_L001_R1_001.fastq.gz,2,/projects/ps-yeolab4/software/skipper/bb63a25/examples/inputs/InvRNA2.fasta,/projects/ps-yeolab4/seqdata/20200313_encore_clips/igm-storage2.ucsd.edu/200313_A00953_0080_AHK7LTDRXX/Fastq/4126_CLIP2_S60_L001_R1_001.fastq.gz,SUZ12,4126,FAIL,"peaks in scaRNA, non-sepcific, rep enrichment no reproducile"
CNOT2_K562_4156,CNOT2_K562_4156,K562,1,/projects/ps-yeolab4/software/skipper/bb63a25/examples/inputs/InvRiL19.fasta,/projects/ps-yeolab4/seqdata/20201106_encore_clips/igm-storage2.ucsd.edu/201101_K00180_0992_AHJ72VBBXY_SR75_Yeo/Fastq/4156_IN1_S1_L001_R1_001.fastq.gz,1,/projects/ps-yeolab4/software/skipper/bb63a25/examples/inputs/InvRNA1.fasta,/projects/ps-yeolab4/seqdata/20201106_encore_clips/igm-storage2.ucsd.edu/201101_K00180_0992_AHJ72VBBXY_SR75_Yeo/Fastq/4156_CLIP1_S2_L001_R1_001.fastq.gz,CNOT2,4156,FAIL,"region enrichment strongest in CDS, rep enrichment in many repeats"
CNOT2_K562_4156,CNOT2_K562_4156,K562,2,/projects/ps-yeolab4/software/skipper/bb63a25/examples/inputs/InvRiL19.fasta,/projects/ps-yeolab4/seqdata/20201106_encore_clips/igm-storage2.ucsd.edu/201101_K00180_0992_AHJ72VBBXY_SR75_Yeo/Fastq/4156_IN2_S3_L001_R1_001.fastq.gz,2,/projects/ps-yeolab4/software/skipper/bb63a25/examples/inputs/InvRNA1.fasta,/projects/ps-yeolab4/seqdata/20201106_encore_clips/igm-storage2.ucsd.edu/201101_K00180_0992_AHJ72VBBXY_SR75_Yeo/Fastq/4156_CLIP2_S4_L001_R1_001.fastq.gz,CNOT2,4156,FAIL,"region enrichment strongest in CDS, rep enrichment in many repeats"
CNOT10_K562_4157,CNOT10_K562_4157,K562,1,/projects/ps-yeolab4/software/skipper/bb63a25/examples/inputs/InvRiL19.fasta,/projects/ps-yeolab4/seqdata/20201106_encore_clips/igm-storage2.ucsd.edu/201101_K00180_0992_AHJ72VBBXY_SR75_Yeo/Fastq/4157_IN1_S5_L001_R1_001.fastq.gz,1,/projects/ps-yeolab4/software/skipper/bb63a25/examples/inputs/InvRNA1.fasta,/projects/ps-yeolab4/seqdata/20201106_encore_clips/igm-storage2.ucsd.edu/201101_K00180_0992_AHJ72VBBXY_SR75_Yeo/Fastq/4157_CLIP1_S6_L001_R1_001.fastq.gz,CNOT10,4157,FAIL,"region enrichment strongest in CDS but not 3'UTR, some literature support it having transcriptional egulation, no particular enrichment in repetitve region"
CNOT10_K562_4157,CNOT10_K562_4157,K562,2,/projects/ps-yeolab4/software/skipper/bb63a25/examples/inputs/InvRiL19.fasta,/projects/ps-yeolab4/seqdata/20201106_encore_clips/igm-storage2.ucsd.edu/201101_K00180_0992_AHJ72VBBXY_SR75_Yeo/Fastq/4157_IN2_S7_L001_R1_001.fastq.gz,2,/projects/ps-yeolab4/software/skipper/bb63a25/examples/inputs/InvRNA1.fasta,/projects/ps-yeolab4/seqdata/20201106_encore_clips/igm-storage2.ucsd.edu/201101_K00180_0992_AHJ72VBBXY_SR75_Yeo/Fastq/4157_CLIP2_S8_L001_R1_001.fastq.gz,CNOT10,4157,FAIL,"region enrichment strongest in CDS but not 3'UTR, some literature support it having transcriptional egulation, no particular enrichment in repetitve region"
CACTIN_K562_4158,CACTIN_K562_4158,K562,1,/projects/ps-yeolab4/software/skipper/bb63a25/examples/inputs/InvRiL19.fasta,/projects/ps-yeolab4/seqdata/20201106_encore_clips/igm-storage2.ucsd.edu/201101_K00180_0992_AHJ72VBBXY_SR75_Yeo/Fastq/4158_IN1_S9_L001_R1_001.fastq.gz,1,/projects/ps-yeolab4/software/skipper/bb63a25/examples/inputs/InvRNA1.fasta,/projects/ps-yeolab4/seqdata/20201106_encore_clips/igm-storage2.ucsd.edu/201101_K00180_0992_AHJ72VBBXY_SR75_Yeo/Fastq/4158_CLIP1_S10_L001_R1_001.fastq.gz,CACTIN,4158,PASS,"being part of splicesome, regional enrichment show clear enrichment at ss"
CACTIN_K562_4158,CACTIN_K562_4158,K562,2,/projects/ps-yeolab4/software/skipper/bb63a25/examples/inputs/InvRiL19.fasta,/projects/ps-yeolab4/seqdata/20201106_encore_clips/igm-storage2.ucsd.edu/201101_K00180_0992_AHJ72VBBXY_SR75_Yeo/Fastq/4158_IN2_S11_L001_R1_001.fastq.gz,2,/projects/ps-yeolab4/software/skipper/bb63a25/examples/inputs/InvRNA1.fasta,/projects/ps-yeolab4/seqdata/20201106_encore_clips/igm-storage2.ucsd.edu/201101_K00180_0992_AHJ72VBBXY_SR75_Yeo/Fastq/4158_CLIP2_S12_L001_R1_001.fastq.gz,CACTIN,4158,PASS,"being part of splicesome, regional enrichment show clear enrichment at ss"
DCP2_K562_4159,DCP2_K562_4159,K562,1,/projects/ps-yeolab4/software/skipper/bb63a25/examples/inputs/InvRiL19.fasta,/projects/ps-yeolab4/seqdata/20201106_encore_clips/igm-storage2.ucsd.edu/201101_K00180_0992_AHJ72VBBXY_SR75_Yeo/Fastq/4159_IN1_S13_L001_R1_001.fastq.gz,1,/projects/ps-yeolab4/software/skipper/bb63a25/examples/inputs/InvRNA1.fasta,/projects/ps-yeolab4/seqdata/20201106_encore_clips/igm-storage2.ucsd.edu/201101_K00180_0992_AHJ72VBBXY_SR75_Yeo/Fastq/4159_CLIP1_S14_L001_R1_001.fastq.gz,DCP2,4159,FAIL,"mRNA decapping, enrichment is weak, 5'utr and 3' utr enrichment is weak"
DCP2_K562_4159,DCP2_K562_4159,K562,2,/projects/ps-yeolab4/software/skipper/bb63a25/examples/inputs/InvRiL19.fasta,/projects/ps-yeolab4/seqdata/20201106_encore_clips/igm-storage2.ucsd.edu/201101_K00180_0992_AHJ72VBBXY_SR75_Yeo/Fastq/4159_IN2_S15_L001_R1_001.fastq.gz,2,/projects/ps-yeolab4/software/skipper/bb63a25/examples/inputs/InvRNA1.fasta,/projects/ps-yeolab4/seqdata/20201106_encore_clips/igm-storage2.ucsd.edu/201101_K00180_0992_AHJ72VBBXY_SR75_Yeo/Fastq/4159_CLIP2_S16_L001_R1_001.fastq.gz,DCP2,4159,FAIL,"mRNA decapping, enrichment is weak, 5'utr and 3' utr enrichment is weak"
THOC1_K562_4121,THOC1_K562_4121,K562,1,/projects/ps-yeolab4/software/skipper/bb63a25/examples/inputs/InvRiL19.fasta,/projects/ps-yeolab4/seqdata/20201106_encore_clips/igm-storage2.ucsd.edu/201101_K00180_0992_AHJ72VBBXY_SR75_Yeo/Fastq/4121_IN1_S21_L002_R1_001.fastq.gz,1,/projects/ps-yeolab4/software/skipper/bb63a25/examples/inputs/InvRNA4.fasta,/projects/ps-yeolab4/seqdata/20201106_encore_clips/igm-storage2.ucsd.edu/201101_K00180_0992_AHJ72VBBXY_SR75_Yeo/Fastq/4121_CLIP1_S22_L002_R1_001.fastq.gz,THOC1,4121,FAIL,"positional enrichment kinda weak, rep output no enriched regions"
THOC1_K562_4121,THOC1_K562_4121,K562,2,/projects/ps-yeolab4/software/skipper/bb63a25/examples/inputs/InvRiL19.fasta,/projects/ps-yeolab4/seqdata/20201106_encore_clips/igm-storage2.ucsd.edu/201101_K00180_0992_AHJ72VBBXY_SR75_Yeo/Fastq/4121_IN2_S23_L002_R1_001.fastq.gz,2,/projects/ps-yeolab4/software/skipper/bb63a25/examples/inputs/InvRNA4.fasta,/projects/ps-yeolab4/seqdata/20201106_encore_clips/igm-storage2.ucsd.edu/201101_K00180_0992_AHJ72VBBXY_SR75_Yeo/Fastq/4121_CLIP2_S24_L002_R1_001.fastq.gz,THOC1,4121,FAIL,"positional enrichment kinda weak, rep output no enriched regions"
FBL_K562_4125,FBL_K562_4125,K562,1,/projects/ps-yeolab4/software/skipper/bb63a25/examples/inputs/InvRiL19.fasta,/projects/ps-yeolab4/seqdata/20201106_encore_clips/igm-storage2.ucsd.edu/201101_K00180_0992_AHJ72VBBXY_SR75_Yeo/Fastq/4125_IN1_S25_L002_R1_001.fastq.gz,1,/projects/ps-yeolab4/software/skipper/bb63a25/examples/inputs/InvRNA2.fasta,/projects/ps-yeolab4/seqdata/20201106_encore_clips/igm-storage2.ucsd.edu/201101_K00180_0992_AHJ72VBBXY_SR75_Yeo/Fastq/4125_CLIP1_S26_L002_R1_001.fastq.gz,FBL,4125,FAIL,"enrichment is low in rep2, therefore not very reprodicible, preferentially bind C/D box; rep1 strong enrich in SNORD"
FBL_K562_4125,FBL_K562_4125,K562,2,/projects/ps-yeolab4/software/skipper/bb63a25/examples/inputs/InvRiL19.fasta,/projects/ps-yeolab4/seqdata/20201106_encore_clips/igm-storage2.ucsd.edu/201101_K00180_0992_AHJ72VBBXY_SR75_Yeo/Fastq/4125_IN2_S27_L002_R1_001.fastq.gz,2,/projects/ps-yeolab4/software/skipper/bb63a25/examples/inputs/InvRNA2.fasta,/projects/ps-yeolab4/seqdata/20201106_encore_clips/igm-storage2.ucsd.edu/201101_K00180_0992_AHJ72VBBXY_SR75_Yeo/Fastq/4125_CLIP2_R_S29_L002_R1_001.fastq.gz,FBL,4125,FAIL,"enrichment is low in rep2, therefore not very reprodicible, preferentially bind C/D box; rep1 strong enrich in SNORD"
SNRPC_K562_4164,SNRPC_K562_4164,K562,1,/projects/ps-yeolab4/software/skipper/bb63a25/examples/inputs/InvRiL19.fasta,/projects/ps-yeolab4/seqdata/20201106_encore_clips/igm-storage2.ucsd.edu/201101_K00180_0992_AHJ72VBBXY_SR75_Yeo/Fastq/4164_IN1_S30_L002_R1_001.fastq.gz,1,/projects/ps-yeolab4/software/skipper/bb63a25/examples/inputs/InvRNA3.fasta,/projects/ps-yeolab4/seqdata/20201106_encore_clips/igm-storage2.ucsd.edu/201101_K00180_0992_AHJ72VBBXY_SR75_Yeo/Fastq/4164_CLIP1_S31_L002_R1_001.fastq.gz,SNRPC,4164,PASS,positional enrichment analysis show clear enrichment at 5'ss and 3;ss
SNRPC_K562_4164,SNRPC_K562_4164,K562,2,/projects/ps-yeolab4/software/skipper/bb63a25/examples/inputs/InvRiL19.fasta,/projects/ps-yeolab4/seqdata/20201106_encore_clips/igm-storage2.ucsd.edu/201101_K00180_0992_AHJ72VBBXY_SR75_Yeo/Fastq/4164_IN2_S32_L002_R1_001.fastq.gz,2,/projects/ps-yeolab4/software/skipper/bb63a25/examples/inputs/InvRNA3.fasta,/projects/ps-yeolab4/seqdata/20201106_encore_clips/igm-storage2.ucsd.edu/201101_K00180_0992_AHJ72VBBXY_SR75_Yeo/Fastq/4164_CLIP2_S33_L002_R1_001.fastq.gz,SNRPC,4164,PASS,positional enrichment analysis show clear enrichment at 5'ss and 3;ss
SNRPD3_K562_4155,SNRPD3_K562_4155,K562,1,/projects/ps-yeolab4/software/skipper/bb63a25/examples/inputs/InvRiL19.fasta,/projects/ps-yeolab4/seqdata/20201106_encore_clips/igm-storage2.ucsd.edu/201101_K00180_0992_AHJ72VBBXY_SR75_Yeo/Fastq/4155_IN1_S34_L003_R1_001.fastq.gz,1,/projects/ps-yeolab4/software/skipper/bb63a25/examples/inputs/InvRNA3.fasta,/projects/ps-yeolab4/seqdata/20201106_encore_clips/igm-storage2.ucsd.edu/201101_K00180_0992_AHJ72VBBXY_SR75_Yeo/Fastq/4155_CLIP1_S35_L003_R1_001.fastq.gz,SNRPD3,4155,PASS,positional enrichment analysis show clear enrichment at 5'ss and 3;ss
SNRPD3_K562_4155,SNRPD3_K562_4155,K562,2,/projects/ps-yeolab4/software/skipper/bb63a25/examples/inputs/InvRiL19.fasta,/projects/ps-yeolab4/seqdata/20201106_encore_clips/igm-storage2.ucsd.edu/201101_K00180_0992_AHJ72VBBXY_SR75_Yeo/Fastq/4155_IN2_S36_L003_R1_001.fastq.gz,2,/projects/ps-yeolab4/software/skipper/bb63a25/examples/inputs/InvRNA3.fasta,/projects/ps-yeolab4/seqdata/20201106_encore_clips/igm-storage2.ucsd.edu/201101_K00180_0992_AHJ72VBBXY_SR75_Yeo/Fastq/4155_CLIP2_S37_L003_R1_001.fastq.gz,SNRPD3,4155,PASS,positional enrichment analysis show clear enrichment at 5'ss and 3;ss
SRSF9_K562_4132,SRSF9_K562_4132,K562,1,/projects/ps-yeolab4/software/skipper/bb63a25/examples/inputs/InvRiL19.fasta,/projects/ps-yeolab4/seqdata/20201106_encore_clips/igm-storage2.ucsd.edu/201101_K00180_0992_AHJ72VBBXY_SR75_Yeo/Fastq/4132_IN1_S38_L003_R1_001.fastq.gz,1,/projects/ps-yeolab4/software/skipper/bb63a25/examples/inputs/InvRNA4.fasta,/projects/ps-yeolab4/seqdata/20201106_encore_clips/igm-storage2.ucsd.edu/201101_K00180_0992_AHJ72VBBXY_SR75_Yeo/Fastq/4132_CLIP1_S39_L003_R1_001.fastq.gz,SRSF9,4132,PASS,enrichement very similar to other SRSF in ENCODE 3
SRSF9_K562_4132,SRSF9_K562_4132,K562,2,/projects/ps-yeolab4/software/skipper/bb63a25/examples/inputs/InvRiL19.fasta,/projects/ps-yeolab4/seqdata/20201106_encore_clips/igm-storage2.ucsd.edu/201101_K00180_0992_AHJ72VBBXY_SR75_Yeo/Fastq/4132_IN2_S40_L003_R1_001.fastq.gz,2,/projects/ps-yeolab4/software/skipper/bb63a25/examples/inputs/InvRNA4.fasta,/projects/ps-yeolab4/seqdata/20201106_encore_clips/igm-storage2.ucsd.edu/201101_K00180_0992_AHJ72VBBXY_SR75_Yeo/Fastq/4132_CLIP2_S41_L003_R1_001.fastq.gz,SRSF9,4132,PASS,enrichement very similar to other SRSF in ENCODE 3
DDX43_K562_4160,DDX43_K562_4160,K562,1,/projects/ps-yeolab4/software/skipper/bb63a25/examples/inputs/InvRiL19.fasta,/projects/ps-yeolab4/seqdata/20201106_encore_clips/igm-storage2.ucsd.edu/201101_K00180_0992_AHJ72VBBXY_SR75_Yeo/Fastq/4160_IN1_S78_L005_R1_001.fastq.gz,1,/projects/ps-yeolab4/software/skipper/bb63a25/examples/inputs/InvRNA1.fasta,/projects/ps-yeolab4/seqdata/20201106_encore_clips/igm-storage2.ucsd.edu/201101_K00180_0992_AHJ72VBBXY_SR75_Yeo/Fastq/4160_CLIP1_S79_L005_R1_001.fastq.gz,DDX43,4160,PASS,"not much is known, but clear enrichment in exon, rep enrichment in CDS and miRNA"
DDX43_K562_4160,DDX43_K562_4160,K562,2,/projects/ps-yeolab4/software/skipper/bb63a25/examples/inputs/InvRiL19.fasta,/projects/ps-yeolab4/seqdata/20201106_encore_clips/igm-storage2.ucsd.edu/201101_K00180_0992_AHJ72VBBXY_SR75_Yeo/Fastq/4160_IN2_S60_L004_R1_001.fastq.gz,2,/projects/ps-yeolab4/software/skipper/bb63a25/examples/inputs/InvRNA1.fasta,/projects/ps-yeolab4/seqdata/20201106_encore_clips/igm-storage2.ucsd.edu/201101_K00180_0992_AHJ72VBBXY_SR75_Yeo/Fastq/4160_CLIP2_S61_L004_R1_001.fastq.gz,DDX43,4160,PASS,"not much is known, but clear enrichment in exon, rep enrichment in CDS and miRNA"
EXOSC10_K562_4161,EXOSC10_K562_4161,K562,1,/projects/ps-yeolab4/software/skipper/bb63a25/examples/inputs/InvRiL19.fasta,/projects/ps-yeolab4/seqdata/20201106_encore_clips/igm-storage2.ucsd.edu/201101_K00180_0992_AHJ72VBBXY_SR75_Yeo/Fastq/4161_IN1_S82_L005_R1_001.fastq.gz,1,/projects/ps-yeolab4/software/skipper/bb63a25/examples/inputs/InvRNA1.fasta,/projects/ps-yeolab4/seqdata/20201106_encore_clips/igm-storage2.ucsd.edu/201101_K00180_0992_AHJ72VBBXY_SR75_Yeo/Fastq/4161_CLIP1_S83_L005_R1_001.fastq.gz,EXOSC10,4161,PASS,"enrichment throughout CDS region, rep enrichment in miRNA, https://www.ncbi.nlm.nih.gov/pmc/articles/PMC4169771/ peak in tRNA?"
EXOSC10_K562_4161,EXOSC10_K562_4161,K562,2,/projects/ps-yeolab4/software/skipper/bb63a25/examples/inputs/InvRiL19.fasta,/projects/ps-yeolab4/seqdata/20201106_encore_clips/igm-storage2.ucsd.edu/201101_K00180_0992_AHJ72VBBXY_SR75_Yeo/Fastq/4161_IN2_S64_L004_R1_001.fastq.gz,2,/projects/ps-yeolab4/software/skipper/bb63a25/examples/inputs/InvRNA1.fasta,/projects/ps-yeolab4/seqdata/20201106_encore_clips/igm-storage2.ucsd.edu/201101_K00180_0992_AHJ72VBBXY_SR75_Yeo/Fastq/4161_CLIP2_S65_L004_R1_001.fastq.gz,EXOSC10,4161,PASS,"enrichment throughout CDS region, rep enrichment in miRNA, https://www.ncbi.nlm.nih.gov/pmc/articles/PMC4169771/ peak in tRNA?"
RYBP_K562_4140,RYBP_K562_4140,K562,1,/projects/ps-yeolab4/software/skipper/bb63a25/examples/inputs/InvRiL19.fasta,/projects/ps-yeolab4/seqdata/20201106_encore_clips/igm-storage2.ucsd.edu/201101_K00180_0992_AHJ72VBBXY_SR75_Yeo/Fastq/4140_IN1_S66_L004_R1_001.fastq.gz,1,/projects/ps-yeolab4/software/skipper/bb63a25/examples/inputs/InvRNA3.fasta,/projects/ps-yeolab4/seqdata/20201106_encore_clips/igm-storage2.ucsd.edu/201101_K00180_0992_AHJ72VBBXY_SR75_Yeo/Fastq/4140_CLIP1_S67_L004_R1_001.fastq.gz,RYBP,4140,PASS,"enrichment in the end of last exon, associated with YY1 and polycomb, rep enrich in L1 and centr1"
RYBP_K562_4140,RYBP_K562_4140,K562,2,/projects/ps-yeolab4/software/skipper/bb63a25/examples/inputs/InvRiL19.fasta,/projects/ps-yeolab4/seqdata/20201106_encore_clips/igm-storage2.ucsd.edu/201101_K00180_0992_AHJ72VBBXY_SR75_Yeo/Fastq/4140_IN2_S68_L004_R1_001.fastq.gz,2,/projects/ps-yeolab4/software/skipper/bb63a25/examples/inputs/InvRNA3.fasta,/projects/ps-yeolab4/seqdata/20201106_encore_clips/igm-storage2.ucsd.edu/201101_K00180_0992_AHJ72VBBXY_SR75_Yeo/Fastq/4140_CLIP2_S69_L004_R1_001.fastq.gz,RYBP,4140,PASS,"enrichment in the end of last exon, associated with YY1 and polycomb, rep enrich in L1 and centr1"
EIF6_K562_4222,EIF6_K562_4222,K562,1,/projects/ps-yeolab4/software/skipper/bb63a25/examples/inputs/InvRiL19.fasta,/projects/ps-yeolab4/seqdata/20201106_encore_clips/igm-storage2.ucsd.edu/201101_K00180_0992_AHJ72VBBXY_SR75_Yeo/Fastq/4222_IN1_S87_L005_R1_001.fastq.gz,1,/projects/ps-yeolab4/software/skipper/bb63a25/examples/inputs/InvRNA3.fasta,/projects/ps-yeolab4/seqdata/20201106_encore_clips/igm-storage2.ucsd.edu/201101_K00180_0992_AHJ72VBBXY_SR75_Yeo/Fastq/4222_CLIP1_S88_L005_R1_001.fastq.gz,EIF6,4222,PASS,"binds snoRNA, maturation process of ribosome, poor enrichment in CDS though"
EIF6_K562_4222,EIF6_K562_4222,K562,2,/projects/ps-yeolab4/software/skipper/bb63a25/examples/inputs/InvRiL19.fasta,/projects/ps-yeolab4/seqdata/20201106_encore_clips/igm-storage2.ucsd.edu/201101_K00180_0992_AHJ72VBBXY_SR75_Yeo/Fastq/4222_IN2_S89_L005_R1_001.fastq.gz,2,/projects/ps-yeolab4/software/skipper/bb63a25/examples/inputs/InvRNA3.fasta,/projects/ps-yeolab4/seqdata/20201106_encore_clips/igm-storage2.ucsd.edu/201101_K00180_0992_AHJ72VBBXY_SR75_Yeo/Fastq/4222_CLIP2_S90_L005_R1_001.fastq.gz,EIF6,4222,PASS,"binds snoRNA, maturation process of ribosome, poor enrichment in CDS though"
MORC2_K562_4139,MORC2_K562_4139,K562,1,/projects/ps-yeolab4/software/skipper/bb63a25/examples/inputs/InvRiL19.fasta,/projects/ps-yeolab4/seqdata/20201106_encore_clips/igm-storage2.ucsd.edu/201101_K00180_0992_AHJ72VBBXY_SR75_Yeo/Fastq/4139_IN1_S111_L007_R1_001.fastq.gz,1,/projects/ps-yeolab4/software/skipper/bb63a25/examples/inputs/InvRNA2.fasta,/projects/ps-yeolab4/seqdata/20201106_encore_clips/igm-storage2.ucsd.edu/201101_K00180_0992_AHJ72VBBXY_SR75_Yeo/Fastq/4139_CLIP1_S112_L007_R1_001.fastq.gz,MORC2,4139,PASS,"yet another chromatin associated protein/zinc finer, has tRNA hits, cause Charcot marie tooth disease (which involves tRNA genes too), peaks in tRNA"
MORC2_K562_4139,MORC2_K562_4139,K562,2,/projects/ps-yeolab4/software/skipper/bb63a25/examples/inputs/InvRiL19.fasta,/projects/ps-yeolab4/seqdata/20201106_encore_clips/igm-storage2.ucsd.edu/201101_K00180_0992_AHJ72VBBXY_SR75_Yeo/Fastq/4139_IN2_S113_L007_R1_001.fastq.gz,2,/projects/ps-yeolab4/software/skipper/bb63a25/examples/inputs/InvRNA2.fasta,/projects/ps-yeolab4/seqdata/20201106_encore_clips/igm-storage2.ucsd.edu/201101_K00180_0992_AHJ72VBBXY_SR75_Yeo/Fastq/4139_CLIP2_R_S115_L007_R1_001.fastq.gz,MORC2,4139,PASS,"yet another chromatin associated protein/zinc finer, has tRNA hits, cause Charcot marie tooth disease (which involves tRNA genes too), peaks in tRNA"
RNF187_K562_4142,RNF187_K562_4142,K562,1,/projects/ps-yeolab4/software/skipper/bb63a25/examples/inputs/InvRiL19.fasta,/projects/ps-yeolab4/seqdata/20201106_encore_clips/igm-storage2.ucsd.edu/201101_K00180_0992_AHJ72VBBXY_SR75_Yeo/Fastq/4142_IN1_S116_L007_R1_001.fastq.gz,1,/projects/ps-yeolab4/software/skipper/bb63a25/examples/inputs/InvRNA3.fasta,/projects/ps-yeolab4/seqdata/20201106_encore_clips/igm-storage2.ucsd.edu/201101_K00180_0992_AHJ72VBBXY_SR75_Yeo/Fastq/4142_CLIP1_S117_L007_R1_001.fastq.gz,RNF187,4142,HOLD,
RNF187_K562_4142,RNF187_K562_4142,K562,2,/projects/ps-yeolab4/software/skipper/bb63a25/examples/inputs/InvRiL19.fasta,/projects/ps-yeolab4/seqdata/20201106_encore_clips/igm-storage2.ucsd.edu/201101_K00180_0992_AHJ72VBBXY_SR75_Yeo/Fastq/4142_IN2_S118_L007_R1_001.fastq.gz,2,/projects/ps-yeolab4/software/skipper/bb63a25/examples/inputs/InvRNA3.fasta,/projects/ps-yeolab4/seqdata/20201106_encore_clips/igm-storage2.ucsd.edu/201101_K00180_0992_AHJ72VBBXY_SR75_Yeo/Fastq/4142_CLIP2_S119_L007_R1_001.fastq.gz,RNF187,4142,HOLD,
SMG1_K562_4154,SMG1_K562_4154,K562,1,/projects/ps-yeolab4/software/skipper/bb63a25/examples/inputs/InvRiL19.fasta,/projects/ps-yeolab4/seqdata/20201106_encore_clips/igm-storage2.ucsd.edu/201101_K00180_0992_AHJ72VBBXY_SR75_Yeo/Fastq/4154_IN1_S120_L007_R1_001.fastq.gz,1,/projects/ps-yeolab4/software/skipper/bb63a25/examples/inputs/InvRNA2.fasta,/projects/ps-yeolab4/seqdata/20201106_encore_clips/igm-storage2.ucsd.edu/201101_K00180_0992_AHJ72VBBXY_SR75_Yeo/Fastq/4154_CLIP1_S121_L007_R1_001.fastq.gz,SMG1,4154,FAIL,"rep2 is bad, part of NMD stuffs, has several snoRNA calls"
SMG1_K562_4154,SMG1_K562_4154,K562,2,/projects/ps-yeolab4/software/skipper/bb63a25/examples/inputs/InvRiL19.fasta,/projects/ps-yeolab4/seqdata/20201106_encore_clips/igm-storage2.ucsd.edu/201101_K00180_0992_AHJ72VBBXY_SR75_Yeo/Fastq/4154_IN2_S122_L007_R1_001.fastq.gz,2,/projects/ps-yeolab4/software/skipper/bb63a25/examples/inputs/InvRNA2.fasta,/projects/ps-yeolab4/seqdata/20201106_encore_clips/igm-storage2.ucsd.edu/201101_K00180_0992_AHJ72VBBXY_SR75_Yeo/Fastq/4154_CLIP2_S123_L007_R1_001.fastq.gz,SMG1,4154,FAIL,"rep2 is bad, part of NMD stuffs, has several snoRNA calls"
EIF4G1_K562_4134,EIF4G1_K562_4134,K562,1,/projects/ps-yeolab4/software/skipper/bb63a25/examples/inputs/InvRiL19.fasta,/projects/ps-yeolab4/seqdata/20210302_encode_clips/igm-storage2.ucsd.edu/210117_K00180_1005_AHKH5TBBXY_SR75_Yeo/Fastq/4134_INPUT1_S5_L001_R1_001.fastq.gz,1,/projects/ps-yeolab4/software/skipper/bb63a25/examples/inputs/InvRNA4.fasta,/projects/ps-yeolab4/seqdata/20210302_encode_clips/igm-storage2.ucsd.edu/210117_K00180_1005_AHKH5TBBXY_SR75_Yeo/Fastq/4134_CLIP1_S6_L001_R1_001.fastq.gz,EIF4G1,4134,FAIL,no clearn enrichment
EIF4G1_K562_4134,EIF4G1_K562_4134,K562,2,/projects/ps-yeolab4/software/skipper/bb63a25/examples/inputs/InvRiL19.fasta,/projects/ps-yeolab4/seqdata/20210302_encode_clips/igm-storage2.ucsd.edu/210117_K00180_1005_AHKH5TBBXY_SR75_Yeo/Fastq/4134_INPUT2_S7_L001_R1_001.fastq.gz,2,/projects/ps-yeolab4/software/skipper/bb63a25/examples/inputs/InvRNA4.fasta,/projects/ps-yeolab4/seqdata/20210302_encode_clips/igm-storage2.ucsd.edu/210117_K00180_1005_AHKH5TBBXY_SR75_Yeo/Fastq/4134_CLIP2_S8_L001_R1_001.fastq.gz,EIF4G1,4134,FAIL,no clearn enrichment
EIF3A_K562_4138,EIF3A_K562_4138,K562,1,/projects/ps-yeolab4/software/skipper/bb63a25/examples/inputs/InvRiL19.fasta,/projects/ps-yeolab4/seqdata/20210302_encode_clips/igm-storage2.ucsd.edu/210117_K00180_1005_AHKH5TBBXY_SR75_Yeo/Fastq/4138_INPUT1_S9_L001_R1_001.fastq.gz,1,/projects/ps-yeolab4/software/skipper/bb63a25/examples/inputs/InvRNA3.fasta,/projects/ps-yeolab4/seqdata/20210302_encode_clips/igm-storage2.ucsd.edu/210117_K00180_1005_AHKH5TBBXY_SR75_Yeo/Fastq/4138_CLIP1_S10_L001_R1_001.fastq.gz,EIF3A,4138,PASS,strong enrichment in 5' UTR
EIF3A_K562_4138,EIF3A_K562_4138,K562,2,/projects/ps-yeolab4/software/skipper/bb63a25/examples/inputs/InvRiL19.fasta,/projects/ps-yeolab4/seqdata/20210302_encode_clips/igm-storage2.ucsd.edu/210117_K00180_1005_AHKH5TBBXY_SR75_Yeo/Fastq/4138_INPUT2_S11_L001_R1_001.fastq.gz,2,/projects/ps-yeolab4/software/skipper/bb63a25/examples/inputs/InvRNA3.fasta,/projects/ps-yeolab4/seqdata/20210302_encode_clips/igm-storage2.ucsd.edu/210117_K00180_1005_AHKH5TBBXY_SR75_Yeo/Fastq/4138_CLIP2_S12_L001_R1_001.fastq.gz,EIF3A,4138,PASS,strong enrichment in 5' UTR
MFAP1_K562_4169,MFAP1_K562_4169,K562,1,/projects/ps-yeolab4/software/skipper/bb63a25/examples/inputs/InvRiL19.fasta,/projects/ps-yeolab4/seqdata/20210302_encode_clips/igm-storage2.ucsd.edu/210117_K00180_1005_AHKH5TBBXY_SR75_Yeo/Fastq/4169_INPUT1_S30_L002_R1_001.fastq.gz,1,/projects/ps-yeolab4/software/skipper/bb63a25/examples/inputs/InvRNA3.fasta,/projects/ps-yeolab4/seqdata/20210302_encode_clips/igm-storage2.ucsd.edu/210117_K00180_1005_AHKH5TBBXY_SR75_Yeo/Fastq/4169_CLIP1_S31_L002_R1_001.fastq.gz,MFAP1,4169,PASS,"part of spliceosome, clear enrichment at junctions"
MFAP1_K562_4169,MFAP1_K562_4169,K562,2,/projects/ps-yeolab4/software/skipper/bb63a25/examples/inputs/InvRiL19.fasta,/projects/ps-yeolab4/seqdata/20210302_encode_clips/igm-storage2.ucsd.edu/210117_K00180_1005_AHKH5TBBXY_SR75_Yeo/Fastq/4169_INPUT2_S32_L002_R1_001.fastq.gz,2,/projects/ps-yeolab4/software/skipper/bb63a25/examples/inputs/InvRNA3.fasta,/projects/ps-yeolab4/seqdata/20210302_encode_clips/igm-storage2.ucsd.edu/210117_K00180_1005_AHKH5TBBXY_SR75_Yeo/Fastq/4169_CLIP2_S33_L002_R1_001.fastq.gz,MFAP1,4169,PASS,"part of spliceosome, clear enrichment at junctions"
ADAR_K562_4137,ADAR_K562_4137,K562,1,/projects/ps-yeolab4/software/skipper/bb63a25/examples/inputs/InvRiL19.fasta,/projects/ps-yeolab4/seqdata/20210302_encode_clips/igm-storage2.ucsd.edu/210117_K00180_1005_AHKH5TBBXY_SR75_Yeo/Fastq/4137_INPUT1_S18_L002_R1_001.fastq.gz,1,/projects/ps-yeolab4/software/skipper/bb63a25/examples/inputs/InvRNA3.fasta,/projects/ps-yeolab4/seqdata/20210302_encode_clips/igm-storage2.ucsd.edu/210117_K00180_1005_AHKH5TBBXY_SR75_Yeo/Fastq/4137_CLIP1_S19_L002_R1_001.fastq.gz,ADAR,4137,PASS,"peak not very specific, enrich in chrM, ADAR is known to edit in mitochondria"
ADAR_K562_4137,ADAR_K562_4137,K562,2,/projects/ps-yeolab4/software/skipper/bb63a25/examples/inputs/InvRiL19.fasta,/projects/ps-yeolab4/seqdata/20210302_encode_clips/igm-storage2.ucsd.edu/210117_K00180_1005_AHKH5TBBXY_SR75_Yeo/Fastq/4137_INPUT2_S20_L002_R1_001.fastq.gz,2,/projects/ps-yeolab4/software/skipper/bb63a25/examples/inputs/InvRNA3.fasta,/projects/ps-yeolab4/seqdata/20210302_encode_clips/igm-storage2.ucsd.edu/210117_K00180_1005_AHKH5TBBXY_SR75_Yeo/Fastq/4137_CLIP2_S21_L002_R1_001.fastq.gz,ADAR,4137,PASS,"peak not very specific, enrich in chrM, ADAR is known to edit in mitochondria"
SNRNP200_K562_4152,SNRNP200_K562_4152,K562,1,/projects/ps-yeolab4/software/skipper/bb63a25/examples/inputs/InvRiL19.fasta,/projects/ps-yeolab4/seqdata/20210302_encode_clips/igm-storage2.ucsd.edu/210117_K00180_1005_AHKH5TBBXY_SR75_Yeo/Fastq/4152_INPUT1_S22_L002_R1_001.fastq.gz,1,/projects/ps-yeolab4/software/skipper/bb63a25/examples/inputs/InvRNA2.fasta,/projects/ps-yeolab4/seqdata/20210302_encode_clips/igm-storage2.ucsd.edu/210117_K00180_1005_AHKH5TBBXY_SR75_Yeo/Fastq/4152_CLIP1_S23_L002_R1_001.fastq.gz,SNRNP200,4152,PASS,positional enrichment analysis show clear enrichment at 5'ss and 3;ss
SNRNP200_K562_4152,SNRNP200_K562_4152,K562,2,/projects/ps-yeolab4/software/skipper/bb63a25/examples/inputs/InvRiL19.fasta,/projects/ps-yeolab4/seqdata/20210302_encode_clips/igm-storage2.ucsd.edu/210117_K00180_1005_AHKH5TBBXY_SR75_Yeo/Fastq/4152_INPUT2_S24_L002_R1_001.fastq.gz,2,/projects/ps-yeolab4/software/skipper/bb63a25/examples/inputs/InvRNA2.fasta,/projects/ps-yeolab4/seqdata/20210302_encode_clips/igm-storage2.ucsd.edu/210117_K00180_1005_AHKH5TBBXY_SR75_Yeo/Fastq/4152_CLIP2_S25_L002_R1_001.fastq.gz,SNRNP200,4152,PASS,positional enrichment analysis show clear enrichment at 5'ss and 3;ss
ADAT1_K562_4217,ADAT1_K562_4217,K562,1,/projects/ps-yeolab4/software/skipper/bb63a25/examples/inputs/InvRiL19.fasta,/projects/ps-yeolab4/seqdata/20210302_encode_clips/igm-storage2.ucsd.edu/210117_K00180_1005_AHKH5TBBXY_SR75_Yeo/Fastq/4217_INPUT1_S59_L004_R1_001.fastq.gz,1,/projects/ps-yeolab4/software/skipper/bb63a25/examples/inputs/InvRNA2.fasta,/projects/ps-yeolab4/seqdata/20210302_encode_clips/igm-storage2.ucsd.edu/210117_K00180_1005_AHKH5TBBXY_SR75_Yeo/Fastq/4217_CLIP1_S60_L004_R1_001.fastq.gz,ADAT1,4217,PASS,"very strong in tRNA, given it is a ""tRNA specific deaminase"", pass"
ADAT1_K562_4217,ADAT1_K562_4217,K562,2,/projects/ps-yeolab4/software/skipper/bb63a25/examples/inputs/InvRiL19.fasta,/projects/ps-yeolab4/seqdata/20210302_encode_clips/igm-storage2.ucsd.edu/210117_K00180_1005_AHKH5TBBXY_SR75_Yeo/Fastq/4217_INPUT2_S61_L004_R1_001.fastq.gz,2,/projects/ps-yeolab4/software/skipper/bb63a25/examples/inputs/InvRNA2.fasta,/projects/ps-yeolab4/seqdata/20210302_encode_clips/igm-storage2.ucsd.edu/210117_K00180_1005_AHKH5TBBXY_SR75_Yeo/Fastq/4217_CLIP2_S62_L004_R1_001.fastq.gz,ADAT1,4217,PASS,"very strong in tRNA, given it is a ""tRNA specific deaminase"", pass"
METTL1_K562_4225,METTL1_K562_4225,K562,1,/projects/ps-yeolab4/software/skipper/bb63a25/examples/inputs/InvRiL19.fasta,/projects/ps-yeolab4/seqdata/20210302_encode_clips/igm-storage2.ucsd.edu/210117_K00180_1005_AHKH5TBBXY_SR75_Yeo/Fastq/4225_INPUT1_S90_L006_R1_001.fastq.gz,1,/projects/ps-yeolab4/software/skipper/bb63a25/examples/inputs/InvRNA3.fasta,/projects/ps-yeolab4/seqdata/20210302_encode_clips/igm-storage2.ucsd.edu/210117_K00180_1005_AHKH5TBBXY_SR75_Yeo/Fastq/4225_CLIP1_S91_L006_R1_001.fastq.gz,METTL1,4225,PASS,"enrichment in tRNA, as its role in methylating them"
METTL1_K562_4225,METTL1_K562_4225,K562,2,/projects/ps-yeolab4/software/skipper/bb63a25/examples/inputs/InvRiL19.fasta,/projects/ps-yeolab4/seqdata/20210302_encode_clips/igm-storage2.ucsd.edu/210117_K00180_1005_AHKH5TBBXY_SR75_Yeo/Fastq/4225_INPUT2_S92_L006_R1_001.fastq.gz,2,/projects/ps-yeolab4/software/skipper/bb63a25/examples/inputs/InvRNA3.fasta,/projects/ps-yeolab4/seqdata/20210302_encode_clips/igm-storage2.ucsd.edu/210117_K00180_1005_AHKH5TBBXY_SR75_Yeo/Fastq/4225_CLIP2_S93_L006_R1_001.fastq.gz,METTL1,4225,PASS,"enrichment in tRNA, as its role in methylating them"
DDX1_K562_4231,DDX1_K562_4231,K562,1,/projects/ps-yeolab4/software/skipper/bb63a25/examples/inputs/InvRiL19.fasta,/projects/ps-yeolab4/seqdata/20210302_encode_clips/igm-storage2.ucsd.edu/210117_K00180_1005_AHKH5TBBXY_SR75_Yeo/Fastq/4231_INPUT1_S98_L007_R1_001.fastq.gz,1,/projects/ps-yeolab4/software/skipper/bb63a25/examples/inputs/InvRNA4.fasta,/projects/ps-yeolab4/seqdata/20210302_encode_clips/igm-storage2.ucsd.edu/210117_K00180_1005_AHKH5TBBXY_SR75_Yeo/Fastq/4231_CLIP1_S99_L007_R1_001.fastq.gz,DDX1,4231,PASS,"enrichment in intron and 3'UTR, repetitive element pipeline enrich in sattelite DNA (centr), might be related to DSB https://www.ncbi.nlm.nih.gov/pmc/articles/PMC6764918/"
DDX1_K562_4231,DDX1_K562_4231,K562,2,/projects/ps-yeolab4/software/skipper/bb63a25/examples/inputs/InvRiL19.fasta,/projects/ps-yeolab4/seqdata/20210302_encode_clips/igm-storage2.ucsd.edu/210117_K00180_1005_AHKH5TBBXY_SR75_Yeo/Fastq/4231_INPUT2_S100_L007_R1_001.fastq.gz,2,/projects/ps-yeolab4/software/skipper/bb63a25/examples/inputs/InvRNA4.fasta,/projects/ps-yeolab4/seqdata/20210302_encode_clips/igm-storage2.ucsd.edu/210117_K00180_1005_AHKH5TBBXY_SR75_Yeo/Fastq/4231_CLIP2_S101_L007_R1_001.fastq.gz,DDX1,4231,PASS,"enrichment in intron and 3'UTR, repetitive element pipeline enrich in sattelite DNA (centr), might be related to DSB https://www.ncbi.nlm.nih.gov/pmc/articles/PMC6764918/"
FYTTD1_K562_4176,FYTTD1_K562_4176,K562,1,/projects/ps-yeolab4/software/skipper/bb63a25/examples/inputs/InvRiL19.fasta,/projects/ps-yeolab4/seqdata/20210302_encode_clips/igm-storage2.ucsd.edu/210117_K00180_1005_AHKH5TBBXY_SR75_Yeo/Fastq/4176_INPUT1_S102_L007_R1_001.fastq.gz,1,/projects/ps-yeolab4/software/skipper/bb63a25/examples/inputs/InvRNA4.fasta,/projects/ps-yeolab4/seqdata/20210302_encode_clips/igm-storage2.ucsd.edu/210117_K00180_1005_AHKH5TBBXY_SR75_Yeo/Fastq/4176_CLIP1_S103_L007_R1_001.fastq.gz,FYTTD1,4176,FAIL,"RNA export, similar pattern as DYNLL1 and THOC, peak not very speicific (shared with 4214)"
FYTTD1_K562_4176,FYTTD1_K562_4176,K562,2,/projects/ps-yeolab4/software/skipper/bb63a25/examples/inputs/InvRiL19.fasta,/projects/ps-yeolab4/seqdata/20210302_encode_clips/igm-storage2.ucsd.edu/210117_K00180_1005_AHKH5TBBXY_SR75_Yeo/Fastq/4176_INPUT2_S104_L007_R1_001.fastq.gz,2,/projects/ps-yeolab4/software/skipper/bb63a25/examples/inputs/InvRNA4.fasta,/projects/ps-yeolab4/seqdata/20210302_encode_clips/igm-storage2.ucsd.edu/210117_K00180_1005_AHKH5TBBXY_SR75_Yeo/Fastq/4176_CLIP2_S105_L007_R1_001.fastq.gz,FYTTD1,4176,FAIL,"RNA export, similar pattern as DYNLL1 and THOC, peak not very speicific (shared with 4214)"
EED_K562_4223,EED_K562_4223,K562,1,/projects/ps-yeolab4/software/skipper/bb63a25/examples/inputs/InvRiL19.fasta,/projects/ps-yeolab4/seqdata/20210302_encode_clips/igm-storage2.ucsd.edu/210117_K00180_1005_AHKH5TBBXY_SR75_Yeo/Fastq/4223_INPUT1_S114_L008_R1_001.fastq.gz,1,/projects/ps-yeolab4/software/skipper/bb63a25/examples/inputs/InvRNA3.fasta,/projects/ps-yeolab4/seqdata/20210302_encode_clips/igm-storage2.ucsd.edu/210117_K00180_1005_AHKH5TBBXY_SR75_Yeo/Fastq/4223_CLIP1_S115_L008_R1_001.fastq.gz,EED,4223,PASS,"not much positional enrichment is observed, enriched in some human endogenous retrovirus (ELVR)/retrotrasnposon"
EED_K562_4223,EED_K562_4223,K562,2,/projects/ps-yeolab4/software/skipper/bb63a25/examples/inputs/InvRiL19.fasta,/projects/ps-yeolab4/seqdata/20210302_encode_clips/igm-storage2.ucsd.edu/210117_K00180_1005_AHKH5TBBXY_SR75_Yeo/Fastq/4223_INPUT2_S116_L008_R1_001.fastq.gz,2,/projects/ps-yeolab4/software/skipper/bb63a25/examples/inputs/InvRNA3.fasta,/projects/ps-yeolab4/seqdata/20210302_encode_clips/igm-storage2.ucsd.edu/210117_K00180_1005_AHKH5TBBXY_SR75_Yeo/Fastq/4223_CLIP2_S117_L008_R1_001.fastq.gz,EED,4223,PASS,"not much positional enrichment is observed, enriched in some human endogenous retrovirus (ELVR)/retrotrasnposon"
ELAC2_K562_4224,ELAC2_K562_4224,K562,1,/projects/ps-yeolab4/software/skipper/bb63a25/examples/inputs/InvRiL19.fasta,/projects/ps-yeolab4/seqdata/20210302_encode_clips/igm-storage2.ucsd.edu/210117_K00180_1005_AHKH5TBBXY_SR75_Yeo/Fastq/4224_INPUT1_S118_L008_R1_001.fastq.gz,1,/projects/ps-yeolab4/software/skipper/bb63a25/examples/inputs/InvRNA3.fasta,/projects/ps-yeolab4/seqdata/20210302_encode_clips/igm-storage2.ucsd.edu/210117_K00180_1005_AHKH5TBBXY_SR75_Yeo/Fastq/4224_CLIP1_S119_L008_R1_001.fastq.gz,ELAC2,4224,PASS,"process precursor tRNA, binds 50 tRNA"
ELAC2_K562_4224,ELAC2_K562_4224,K562,2,/projects/ps-yeolab4/software/skipper/bb63a25/examples/inputs/InvRiL19.fasta,/projects/ps-yeolab4/seqdata/20210302_encode_clips/igm-storage2.ucsd.edu/210117_K00180_1005_AHKH5TBBXY_SR75_Yeo/Fastq/4224_INPUT2_S120_L008_R1_001.fastq.gz,2,/projects/ps-yeolab4/software/skipper/bb63a25/examples/inputs/InvRNA3.fasta,/projects/ps-yeolab4/seqdata/20210302_encode_clips/igm-storage2.ucsd.edu/210117_K00180_1005_AHKH5TBBXY_SR75_Yeo/Fastq/4224_CLIP2_S121_L008_R1_001.fastq.gz,ELAC2,4224,PASS,"process precursor tRNA, binds 50 tRNA"
HNRNPA0_K562_4230,HNRNPA0_K562_4230,K562,1,/projects/ps-yeolab4/software/skipper/bb63a25/examples/inputs/InvRiL19.fasta,/projects/ps-yeolab4/seqdata/20210302_encode_clips/igm-storage2.ucsd.edu/210117_K00180_1005_AHKH5TBBXY_SR75_Yeo/Fastq/4230_INPUT1_S126_L008_R1_001.fastq.gz,1,/projects/ps-yeolab4/software/skipper/bb63a25/examples/inputs/InvRNA4.fasta,/projects/ps-yeolab4/seqdata/20210302_encode_clips/igm-storage2.ucsd.edu/210117_K00180_1005_AHKH5TBBXY_SR75_Yeo/Fastq/4230_CLIP1_S127_L008_R1_001.fastq.gz,HNRNPA0,4230,FAIL,"enrichment in is weaker than HNRNPA1 in ENCODE 3, many tRNA in top peaks, repeititve enrich in vault RNA, peak not very specific"
HNRNPA0_K562_4230,HNRNPA0_K562_4230,K562,2,/projects/ps-yeolab4/software/skipper/bb63a25/examples/inputs/InvRiL19.fasta,/projects/ps-yeolab4/seqdata/20210302_encode_clips/igm-storage2.ucsd.edu/210117_K00180_1005_AHKH5TBBXY_SR75_Yeo/Fastq/4230_INPUT2_S128_L008_R1_001.fastq.gz,2,/projects/ps-yeolab4/software/skipper/bb63a25/examples/inputs/InvRNA4.fasta,/projects/ps-yeolab4/seqdata/20210302_encode_clips/igm-storage2.ucsd.edu/210117_K00180_1005_AHKH5TBBXY_SR75_Yeo/Fastq/4230_CLIP2_S129_L008_R1_001.fastq.gz,HNRNPA0,4230,FAIL,"enrichment in is weaker than HNRNPA1 in ENCODE 3, many tRNA in top peaks, repeititve enrich in vault RNA, peak not very specific"
TIAL1_K562_4221,TIAL1_K562_4221,K562,1,/projects/ps-yeolab4/software/skipper/bb63a25/examples/inputs/InvRiL19.fasta,/projects/ps-yeolab4/seqdata/20210219_elliotchen_GBM_RBPscreen/igm-storage2.ucsd.edu/210214_K00180_1009_AHKHJLBBXY_SR75_Combo/4221_input1_S63_L008_R1_001.fastq.gz,1,/projects/ps-yeolab4/software/skipper/bb63a25/examples/inputs/InvRNA2.fasta,/projects/ps-yeolab4/seqdata/20210219_elliotchen_GBM_RBPscreen/igm-storage2.ucsd.edu/210214_K00180_1009_AHKHJLBBXY_SR75_Combo/4221_clip1_S64_L008_R1_001.fastq.gz,TIAL1,4221,PASS,shows the same trend as ENCODE 3 data but weaker enrichment
TIAL1_K562_4221,TIAL1_K562_4221,K562,2,/projects/ps-yeolab4/software/skipper/bb63a25/examples/inputs/InvRiL19.fasta,/projects/ps-yeolab4/seqdata/20210219_elliotchen_GBM_RBPscreen/igm-storage2.ucsd.edu/210214_K00180_1009_AHKHJLBBXY_SR75_Combo/4221_input2_S65_L008_R1_001.fastq.gz,2,/projects/ps-yeolab4/software/skipper/bb63a25/examples/inputs/InvRNA2.fasta,/projects/ps-yeolab4/seqdata/20210219_elliotchen_GBM_RBPscreen/igm-storage2.ucsd.edu/210214_K00180_1009_AHKHJLBBXY_SR75_Combo/4221_clip2_S66_L008_R1_001.fastq.gz,TIAL1,4221,PASS,shows the same trend as ENCODE 3 data but weaker enrichment
RPS14_K562_4238,RPS14_K562_4238,K562,1,/projects/ps-yeolab4/software/skipper/bb63a25/examples/inputs/InvRiL19.fasta,/projects/ps-yeolab4/seqdata/20211103_maya_jas_steven/IN1_RPS14_S22_L001_R1_001.fastq.gz,1,/projects/ps-yeolab4/software/skipper/bb63a25/examples/inputs/InvRNA1.fasta,/projects/ps-yeolab4/seqdata/20211103_maya_jas_steven/IP1_RPS14_S24_L001_R1_001.fastq.gz,RPS14,4238,HOLD,
RPS14_K562_4238,RPS14_K562_4238,K562,2,/projects/ps-yeolab4/software/skipper/bb63a25/examples/inputs/InvRiL19.fasta,/projects/ps-yeolab4/seqdata/20211103_maya_jas_steven/IN2_RPS14_S23_L001_R1_001.fastq.gz,2,/projects/ps-yeolab4/software/skipper/bb63a25/examples/inputs/InvRNA1.fasta,/projects/ps-yeolab4/seqdata/20211103_maya_jas_steven/IP2_RPS14_S25_L001_R1_001.fastq.gz,RPS14,4238,HOLD,
RPS12_K562_4236,RPS12_K562_4236,K562,1,/projects/ps-yeolab4/software/skipper/bb63a25/examples/inputs/InvRiL19.fasta,/projects/ps-yeolab4/seqdata/20211103_encode_ribo_evan/RPS12_4236_IN1_S1_L001_R1_001.fastq.gz,1,/projects/ps-yeolab4/software/skipper/bb63a25/examples/inputs/InvRNA1.fasta,/projects/ps-yeolab4/seqdata/20211103_maya_jas_steven/IP1_RPS12_S18_L001_R1_001.fastq.gz,RPS12,4236,HOLD,
RPS12_K562_4236,RPS12_K562_4236,K562,2,/projects/ps-yeolab4/software/skipper/bb63a25/examples/inputs/InvRiL19.fasta,/projects/ps-yeolab4/seqdata/20211103_maya_jas_steven/IN2_RPS12_S17_L001_R1_001.fastq.gz,2,/projects/ps-yeolab4/software/skipper/bb63a25/examples/inputs/InvRNA1.fasta,/projects/ps-yeolab4/seqdata/20211103_maya_jas_steven/IP2_RPS12_S19_L001_R1_001.fastq.gz,RPS12,4236,HOLD,
RPS15_K562_4237,RPS15_K562_4237,K562,1,/projects/ps-yeolab4/software/skipper/bb63a25/examples/inputs/InvRiL19.fasta,/projects/ps-yeolab4/seqdata/20211103_maya_jas_steven/RPS15_IN1_S3_L001_R1_001.fastq.gz,1,/projects/ps-yeolab4/software/skipper/bb63a25/examples/inputs/InvRNA1.fasta,/projects/ps-yeolab4/seqdata/20211103_maya_jas_steven/RPS15_IP1_S11_L001_R1_001.fastq.gz,RPS15,4237,HOLD,
RPS15_K562_4237,RPS15_K562_4237,K562,2,/projects/ps-yeolab4/software/skipper/bb63a25/examples/inputs/InvRiL19.fasta,/projects/ps-yeolab4/seqdata/20211103_maya_jas_steven/RPS15_IN2_S4_L001_R1_001.fastq.gz,2,/projects/ps-yeolab4/software/skipper/bb63a25/examples/inputs/InvRNA1.fasta,/projects/ps-yeolab4/seqdata/20211103_maya_jas_steven/RPS15_IP2_S12_L001_R1_001.fastq.gz,RPS15,4237,HOLD,
RPS8_K562_4235,RPS8_K562_4235,K562,1,/projects/ps-yeolab4/software/skipper/bb63a25/examples/inputs/InvRiL19.fasta,/projects/ps-yeolab4/seqdata/20211103_maya_jas_steven/RPS8_IN1_S1_L001_R1_001.fastq.gz,1,/projects/ps-yeolab4/software/skipper/bb63a25/examples/inputs/InvRNA1.fasta,/projects/ps-yeolab4/seqdata/20211103_maya_jas_steven/RPS8_IP1_S9_L001_R1_001.fastq.gz,RPS8,4235,HOLD,
RPS8_K562_4235,RPS8_K562_4235,K562,2,/projects/ps-yeolab4/software/skipper/bb63a25/examples/inputs/InvRiL19.fasta,/projects/ps-yeolab4/seqdata/20211103_maya_jas_steven/RPS8_IN2_S2_L001_R1_001.fastq.gz,2,/projects/ps-yeolab4/software/skipper/bb63a25/examples/inputs/InvRNA1.fasta,/projects/ps-yeolab4/seqdata/20211103_maya_jas_steven/RPS8_IP2_S10_L001_R1_001.fastq.gz,RPS8,4235,HOLD,
RPL35A_K562_4241,RPL35A_K562_4241,K562,1,/projects/ps-yeolab4/software/skipper/bb63a25/examples/inputs/InvRiL19.fasta,/projects/ps-yeolab4/seqdata/20211008_encode_ribo_evan/RPL35A_IN1_S29_L001_R1_001.fastq.gz,1,/projects/ps-yeolab4/software/skipper/bb63a25/examples/inputs/InvRNA3.fasta,/projects/ps-yeolab4/seqdata/20211008_encode_ribo_evan/RPL35A_IP1_S31_L001_R1_001.fastq.gz,RPL35A,4241,HOLD,
RPL35A_K562_4241,RPL35A_K562_4241,K562,2,/projects/ps-yeolab4/software/skipper/bb63a25/examples/inputs/InvRiL19.fasta,/projects/ps-yeolab4/seqdata/20211008_encode_ribo_evan/RPL35A_IN2_S30_L001_R1_001.fastq.gz,2,/projects/ps-yeolab4/software/skipper/bb63a25/examples/inputs/InvRNA3.fasta,/projects/ps-yeolab4/seqdata/20211008_encode_ribo_evan/RPL35A_IP2_S32_L001_R1_001.fastq.gz,RPL35A,4241,HOLD,
RPS3A_K562_4242,RPS3A_K562_4242,K562,1,/projects/ps-yeolab4/software/skipper/bb63a25/examples/inputs/InvRiL19.fasta,/projects/ps-yeolab4/seqdata/20211008_encode_ribo_evan/RPS3A_IN1_S25_L001_R1_001.fastq.gz,1,/projects/ps-yeolab4/software/skipper/bb63a25/examples/inputs/InvRNA3.fasta,/projects/ps-yeolab4/seqdata/20211008_encode_ribo_evan/RPS3A_IP1_S27_L001_R1_001.fastq.gz,RPS3A,4242,HOLD,
RPS3A_K562_4242,RPS3A_K562_4242,K562,2,/projects/ps-yeolab4/software/skipper/bb63a25/examples/inputs/InvRiL19.fasta,/projects/ps-yeolab4/seqdata/20211008_encode_ribo_evan/RPS3A_IN2_S26_L001_R1_001.fastq.gz,2,/projects/ps-yeolab4/software/skipper/bb63a25/examples/inputs/InvRNA3.fasta,/projects/ps-yeolab4/seqdata/20211008_encode_ribo_evan/RPS3A_IP2_S28_L001_R1_001.fastq.gz,RPS3A,4242,HOLD,
RPL29_K562_4243,RPL29_K562_4243,K562,1,/projects/ps-yeolab4/software/skipper/bb63a25/examples/inputs/InvRiL19.fasta,/projects/ps-yeolab4/seqdata/20211008_encode_ribo_evan/RPL29_IN1_S21_L001_R1_001.fastq.gz,1,/projects/ps-yeolab4/software/skipper/bb63a25/examples/inputs/InvRNA1.fasta,/projects/ps-yeolab4/seqdata/20211008_encode_ribo_evan/RPL29_IP1_S23_L001_R1_001.fastq.gz,RPL29,4243,HOLD,
RPL29_K562_4243,RPL29_K562_4243,K562,2,/projects/ps-yeolab4/software/skipper/bb63a25/examples/inputs/InvRiL19.fasta,/projects/ps-yeolab4/seqdata/20211008_encode_ribo_evan/RPL29_IN2_S22_L001_R1_001.fastq.gz,2,/projects/ps-yeolab4/software/skipper/bb63a25/examples/inputs/InvRNA1.fasta,/projects/ps-yeolab4/seqdata/20211008_encode_ribo_evan/RPL29_IP2_S24_L001_R1_001.fastq.gz,RPL29,4243,HOLD,
RPS21_K562_9990,RPS21_K562_9990,K562,1,/projects/ps-yeolab4/software/skipper/bb63a25/examples/inputs/InvRiL19.fasta,/projects/ps-yeolab4/seqdata/20211103_maya_jas_steven/RPS21_IN1_S7_L001_R1_001.fastq.gz,1,/projects/ps-yeolab4/software/skipper/bb63a25/examples/inputs/InvRNA1.fasta,/projects/ps-yeolab4/seqdata/20211103_maya_jas_steven/RPS21_IP1_S15_L001_R1_001.fastq.gz,RPS21,9990,HOLD,
RPS21_K562_9990,RPS21_K562_9990,K562,2,/projects/ps-yeolab4/software/skipper/bb63a25/examples/inputs/InvRiL19.fasta,/projects/ps-yeolab4/seqdata/20211103_maya_jas_steven/RPS21_IN2_S8_L001_R1_001.fastq.gz,2,/projects/ps-yeolab4/software/skipper/bb63a25/examples/inputs/InvRNA1.fasta,/projects/ps-yeolab4/seqdata/20211103_maya_jas_steven/RPS21_IP2_S16_L001_R1_001.fastq.gz,RPS21,9990,HOLD,
RPS19_K562_9991,RPS19_K562_9991,K562,1,/projects/ps-yeolab4/software/skipper/bb63a25/examples/inputs/InvRiL19.fasta,/projects/ps-yeolab4/seqdata/20211103_maya_jas_steven/RPS19_IN1_S5_L001_R1_001.fastq.gz,1,/projects/ps-yeolab4/software/skipper/bb63a25/examples/inputs/InvRNA1.fasta,/projects/ps-yeolab4/seqdata/20211103_maya_jas_steven/RPS19_IP1_S13_L001_R1_001.fastq.gz,RPS19,9991,HOLD,
RPS19_K562_9991,RPS19_K562_9991,K562,2,/projects/ps-yeolab4/software/skipper/bb63a25/examples/inputs/InvRiL19.fasta,/projects/ps-yeolab4/seqdata/20211103_maya_jas_steven/RPS19_IN2_S6_L001_R1_001.fastq.gz,2,/projects/ps-yeolab4/software/skipper/bb63a25/examples/inputs/InvRNA1.fasta,/projects/ps-yeolab4/seqdata/20211103_maya_jas_steven/RPS19_IP2_S14_L001_R1_001.fastq.gz,RPS19,9991,HOLD,