Experiment,Sample,Cells,Input_replicate,Input_adapter_1,Input_adapter_2,CLIP_replicate,CLIP_adapter_1,CLIP_adapter_2,RBP,CLIP_barcode_1,CLIP_barcode_2,Accession,CLIP_fastq_1,CLIP_fastq_2,Input_fastq_1,Input_fastq_2
EIF4A3_HepG2_232,EIF4A3_HepG2_232,HepG2,1,/tscc/projects/ps-yeolab3/eboyle/encode/pipeline/adapters/fwd_encode3.fasta,/tscc/projects/ps-yeolab4/software/skipper/1.99.0/examples/inputs/InvRiL19.fasta,1,/tscc/projects/ps-yeolab3/eboyle/encode/pipeline/adapters/fwd_encode3.fasta,/tscc/projects/ps-yeolab5/encode/processing/rerun_failed/adapters/C01_D08fixed.fasta,EIF4A3,C01,D08fixed,232,/tscc/nfs/home/bay001/projects/encode/temporary_data/merged_fastqs/232_CLIP_1.C01_D08fixed.demuxed.r1.fq.gz,/tscc/nfs/home/bay001/projects/encode/temporary_data/merged_fastqs/232_CLIP_1.C01_D08fixed.demuxed.r2.fq.gz,/tscc/nfs/home/bay001/projects/encode/temporary_data/demuxed_fastqs/failed.232_INPUT_1.NIL.r1.fq.gz,/tscc/nfs/home/bay001/projects/encode/temporary_data/demuxed_fastqs/failed.232_INPUT_1.NIL.r2.fq.gz
EIF4A3_HepG2_232,EIF4A3_HepG2_232,HepG2,1,/tscc/projects/ps-yeolab3/eboyle/encode/pipeline/adapters/fwd_encode3.fasta,/tscc/projects/ps-yeolab4/software/skipper/1.99.0/examples/inputs/InvRiL19.fasta,2,/tscc/projects/ps-yeolab3/eboyle/encode/pipeline/adapters/fwd_encode3.fasta,/tscc/projects/ps-yeolab5/encode/processing/rerun_failed/adapters/A01_B06.fasta,EIF4A3,A01,B06,232,/tscc/nfs/home/bay001/projects/encode/temporary_data/merged_fastqs/232_CLIP_2.A01_B06.demuxed.r1.fq.gz,/tscc/nfs/home/bay001/projects/encode/temporary_data/merged_fastqs/232_CLIP_2.A01_B06.demuxed.r2.fq.gz,/tscc/nfs/home/bay001/projects/encode/temporary_data/demuxed_fastqs/failed.232_INPUT_1.NIL.r1.fq.gz,/tscc/nfs/home/bay001/projects/encode/temporary_data/demuxed_fastqs/failed.232_INPUT_1.NIL.r2.fq.gz
AUH_HepG2_280,AUH_HepG2_280,HepG2,1,/tscc/projects/ps-yeolab3/eboyle/encode/pipeline/adapters/fwd_encode3.fasta,/tscc/projects/ps-yeolab4/software/skipper/1.99.0/examples/inputs/InvRiL19.fasta,1,/tscc/projects/ps-yeolab3/eboyle/encode/pipeline/adapters/fwd_encode3.fasta,/tscc/projects/ps-yeolab5/encode/processing/rerun_failed/adapters/C01_D08fixed.fasta,AUH,C01,D08fixed,280,/tscc/nfs/home/bay001/projects/encode/temporary_data/merged_fastqs/280_CLIP_1.C01_D08fixed.demuxed.r1.fq.gz,/tscc/nfs/home/bay001/projects/encode/temporary_data/merged_fastqs/280_CLIP_1.C01_D08fixed.demuxed.r2.fq.gz,/tscc/nfs/home/bay001/projects/encode/temporary_data/demuxed_fastqs/failed.280_INPUT_1.NIL.r1.fq.gz,/tscc/nfs/home/bay001/projects/encode/temporary_data/demuxed_fastqs/failed.280_INPUT_1.NIL.r2.fq.gz
AUH_HepG2_280,AUH_HepG2_280,HepG2,1,/tscc/projects/ps-yeolab3/eboyle/encode/pipeline/adapters/fwd_encode3.fasta,/tscc/projects/ps-yeolab4/software/skipper/1.99.0/examples/inputs/InvRiL19.fasta,2,/tscc/projects/ps-yeolab3/eboyle/encode/pipeline/adapters/fwd_encode3.fasta,/tscc/projects/ps-yeolab5/encode/processing/rerun_failed/adapters/A03_G07.fasta,AUH,A03,G07,280,/tscc/nfs/home/bay001/projects/encode/temporary_data/merged_fastqs/280_CLIP_2.A03_G07.demuxed.r1.fq.gz,/tscc/nfs/home/bay001/projects/encode/temporary_data/merged_fastqs/280_CLIP_2.A03_G07.demuxed.r2.fq.gz,/tscc/nfs/home/bay001/projects/encode/temporary_data/demuxed_fastqs/failed.280_INPUT_1.NIL.r1.fq.gz,/tscc/nfs/home/bay001/projects/encode/temporary_data/demuxed_fastqs/failed.280_INPUT_1.NIL.r2.fq.gz
CPSF6_HepG2_290,CPSF6_HepG2_290,HepG2,1,/tscc/projects/ps-yeolab3/eboyle/encode/pipeline/adapters/fwd_encode3.fasta,/tscc/projects/ps-yeolab4/software/skipper/1.99.0/examples/inputs/InvRiL19.fasta,1,/tscc/projects/ps-yeolab3/eboyle/encode/pipeline/adapters/fwd_encode3.fasta,/tscc/projects/ps-yeolab5/encode/processing/rerun_failed/adapters/C01_D08fixed.fasta,CPSF6,C01,D08fixed,290,/tscc/nfs/home/bay001/projects/encode/temporary_data/merged_fastqs/290_CLIP_1.C01_D08fixed.demuxed.r1.fq.gz,/tscc/nfs/home/bay001/projects/encode/temporary_data/merged_fastqs/290_CLIP_1.C01_D08fixed.demuxed.r2.fq.gz,/tscc/nfs/home/bay001/projects/encode/temporary_data/demuxed_fastqs/failed.290_INPUT_1.NIL.r1.fq.gz,/tscc/nfs/home/bay001/projects/encode/temporary_data/demuxed_fastqs/failed.290_INPUT_1.NIL.r2.fq.gz
CPSF6_HepG2_290,CPSF6_HepG2_290,HepG2,1,/tscc/projects/ps-yeolab3/eboyle/encode/pipeline/adapters/fwd_encode3.fasta,/tscc/projects/ps-yeolab4/software/skipper/1.99.0/examples/inputs/InvRiL19.fasta,2,/tscc/projects/ps-yeolab3/eboyle/encode/pipeline/adapters/fwd_encode3.fasta,/tscc/projects/ps-yeolab5/encode/processing/rerun_failed/adapters/A01_B06.fasta,CPSF6,A01,B06,290,/tscc/nfs/home/bay001/projects/encode/temporary_data/merged_fastqs/290_CLIP_2.A01_B06.demuxed.r1.fq.gz,/tscc/nfs/home/bay001/projects/encode/temporary_data/merged_fastqs/290_CLIP_2.A01_B06.demuxed.r2.fq.gz,/tscc/nfs/home/bay001/projects/encode/temporary_data/demuxed_fastqs/failed.290_INPUT_1.NIL.r1.fq.gz,/tscc/nfs/home/bay001/projects/encode/temporary_data/demuxed_fastqs/failed.290_INPUT_1.NIL.r2.fq.gz
FXR1_HepG2_300,FXR1_HepG2_300,HepG2,1,/tscc/projects/ps-yeolab3/eboyle/encode/pipeline/adapters/fwd_encode3.fasta,/tscc/projects/ps-yeolab4/software/skipper/1.99.0/examples/inputs/InvRiL19.fasta,1,/tscc/projects/ps-yeolab3/eboyle/encode/pipeline/adapters/fwd_encode3.fasta,/tscc/projects/ps-yeolab5/encode/processing/rerun_failed/adapters/A04_F05.fasta,FXR1,A04,F05,300,/tscc/nfs/home/bay001/projects/encode/temporary_data/merged_fastqs/300_CLIP_1.A04_F05.demuxed.r1.fq.gz,/tscc/nfs/home/bay001/projects/encode/temporary_data/merged_fastqs/300_CLIP_1.A04_F05.demuxed.r2.fq.gz,/tscc/nfs/home/bay001/projects/encode/temporary_data/demuxed_fastqs/failed.300_INPUT_1.NIL.r1.fq.gz,/tscc/nfs/home/bay001/projects/encode/temporary_data/demuxed_fastqs/failed.300_INPUT_1.NIL.r2.fq.gz
FXR1_HepG2_300,FXR1_HepG2_300,HepG2,1,/tscc/projects/ps-yeolab3/eboyle/encode/pipeline/adapters/fwd_encode3.fasta,/tscc/projects/ps-yeolab4/software/skipper/1.99.0/examples/inputs/InvRiL19.fasta,2,/tscc/projects/ps-yeolab3/eboyle/encode/pipeline/adapters/fwd_encode3.fasta,/tscc/projects/ps-yeolab5/encode/processing/rerun_failed/adapters/A03_G07.fasta,FXR1,A03,G07,300,/tscc/nfs/home/bay001/projects/encode/temporary_data/merged_fastqs/300_CLIP_2.A03_G07.demuxed.r1.fq.gz,/tscc/nfs/home/bay001/projects/encode/temporary_data/merged_fastqs/300_CLIP_2.A03_G07.demuxed.r2.fq.gz,/tscc/nfs/home/bay001/projects/encode/temporary_data/demuxed_fastqs/failed.300_INPUT_1.NIL.r1.fq.gz,/tscc/nfs/home/bay001/projects/encode/temporary_data/demuxed_fastqs/failed.300_INPUT_1.NIL.r2.fq.gz
RPS2_HepG2_479,RPS2_HepG2_479,HepG2,1,/tscc/projects/ps-yeolab3/eboyle/encode/pipeline/adapters/fwd_encode3.fasta,/tscc/projects/ps-yeolab4/software/skipper/1.99.0/examples/inputs/InvRiL19.fasta,1,/tscc/projects/ps-yeolab3/eboyle/encode/pipeline/adapters/fwd_encode3.fasta,/tscc/projects/ps-yeolab5/encode/processing/rerun_failed/adapters/A03_G07.fasta,RPS2,A03,G07,479,/tscc/nfs/home/bay001/projects/encode/temporary_data/merged_fastqs/479_CLIP_S19_1.A03_G07.demuxed.r1.fq.gz,/tscc/nfs/home/bay001/projects/encode/temporary_data/merged_fastqs/479_CLIP_S19_1.A03_G07.demuxed.r2.fq.gz,/tscc/nfs/home/bay001/projects/encode/temporary_data/demuxed_fastqs/failed.479_INPUT_S20_1.NIL.r1.fq.gz,/tscc/nfs/home/bay001/projects/encode/temporary_data/demuxed_fastqs/failed.479_INPUT_S20_1.NIL.r2.fq.gz
RPS2_HepG2_479,RPS2_HepG2_479,HepG2,1,/tscc/projects/ps-yeolab3/eboyle/encode/pipeline/adapters/fwd_encode3.fasta,/tscc/projects/ps-yeolab4/software/skipper/1.99.0/examples/inputs/InvRiL19.fasta,2,/tscc/projects/ps-yeolab3/eboyle/encode/pipeline/adapters/fwd_encode3.fasta,/tscc/projects/ps-yeolab5/encode/processing/rerun_failed/adapters/A04_F05.fasta,RPS2,A04,F05,479,/tscc/nfs/home/bay001/projects/encode/temporary_data/merged_fastqs/479_CLIP_S19_2.A04_F05.demuxed.r1.fq.gz,/tscc/nfs/home/bay001/projects/encode/temporary_data/merged_fastqs/479_CLIP_S19_2.A04_F05.demuxed.r2.fq.gz,/tscc/nfs/home/bay001/projects/encode/temporary_data/demuxed_fastqs/failed.479_INPUT_S20_1.NIL.r1.fq.gz,/tscc/nfs/home/bay001/projects/encode/temporary_data/demuxed_fastqs/failed.479_INPUT_S20_1.NIL.r2.fq.gz
CCDC86_HepG2_542,CCDC86_HepG2_542,HepG2,1,/tscc/projects/ps-yeolab3/eboyle/encode/pipeline/adapters/fwd_encode3.fasta,/tscc/projects/ps-yeolab4/software/skipper/1.99.0/examples/inputs/InvRiL19.fasta,1,/tscc/projects/ps-yeolab3/eboyle/encode/pipeline/adapters/fwd_encode3.fasta,/tscc/projects/ps-yeolab5/encode/processing/rerun_failed/adapters/A04_F05.fasta,CCDC86,A04,F05,542,/tscc/nfs/home/bay001/projects/encode/temporary_data/merged_fastqs/542_CLIP_S32_1.A04_F05.demuxed.r1.fq.gz,/tscc/nfs/home/bay001/projects/encode/temporary_data/merged_fastqs/542_CLIP_S32_1.A04_F05.demuxed.r2.fq.gz,/tscc/nfs/home/bay001/projects/encode/temporary_data/demuxed_fastqs/failed.542_INPUT_S33_1.NIL.r1.fq.gz,/tscc/nfs/home/bay001/projects/encode/temporary_data/demuxed_fastqs/failed.542_INPUT_S33_1.NIL.r2.fq.gz
CCDC86_HepG2_542,CCDC86_HepG2_542,HepG2,1,/tscc/projects/ps-yeolab3/eboyle/encode/pipeline/adapters/fwd_encode3.fasta,/tscc/projects/ps-yeolab4/software/skipper/1.99.0/examples/inputs/InvRiL19.fasta,2,/tscc/projects/ps-yeolab3/eboyle/encode/pipeline/adapters/fwd_encode3.fasta,/tscc/projects/ps-yeolab5/encode/processing/rerun_failed/adapters/A03_G07.fasta,CCDC86,A03,G07,542,/tscc/nfs/home/bay001/projects/encode/temporary_data/merged_fastqs/542_CLIP_S32_2.A03_G07.demuxed.r1.fq.gz,/tscc/nfs/home/bay001/projects/encode/temporary_data/merged_fastqs/542_CLIP_S32_2.A03_G07.demuxed.r2.fq.gz,/tscc/nfs/home/bay001/projects/encode/temporary_data/demuxed_fastqs/failed.542_INPUT_S33_1.NIL.r1.fq.gz,/tscc/nfs/home/bay001/projects/encode/temporary_data/demuxed_fastqs/failed.542_INPUT_S33_1.NIL.r2.fq.gz
PKM2_HepG2_554,PKM2_HepG2_554,HepG2,1,/tscc/projects/ps-yeolab3/eboyle/encode/pipeline/adapters/fwd_encode3.fasta,/tscc/projects/ps-yeolab4/software/skipper/1.99.0/examples/inputs/InvRiL19.fasta,1,/tscc/projects/ps-yeolab3/eboyle/encode/pipeline/adapters/fwd_encode3.fasta,/tscc/projects/ps-yeolab5/encode/processing/rerun_failed/adapters/A03_G07.fasta,PKM2,A03,G07,554,/tscc/nfs/home/bay001/projects/encode/temporary_data/merged_fastqs/554_CLIP_S58_1.A03_G07.demuxed.r1.fq.gz,/tscc/nfs/home/bay001/projects/encode/temporary_data/merged_fastqs/554_CLIP_S58_1.A03_G07.demuxed.r2.fq.gz,/tscc/nfs/home/bay001/projects/encode/temporary_data/demuxed_fastqs/failed.554_INPUT_S59_1.NIL.r1.fq.gz,/tscc/nfs/home/bay001/projects/encode/temporary_data/demuxed_fastqs/failed.554_INPUT_S59_1.NIL.r2.fq.gz
PKM2_HepG2_554,PKM2_HepG2_554,HepG2,1,/tscc/projects/ps-yeolab3/eboyle/encode/pipeline/adapters/fwd_encode3.fasta,/tscc/projects/ps-yeolab4/software/skipper/1.99.0/examples/inputs/InvRiL19.fasta,2,/tscc/projects/ps-yeolab3/eboyle/encode/pipeline/adapters/fwd_encode3.fasta,/tscc/projects/ps-yeolab5/encode/processing/rerun_failed/adapters/A04_F05.fasta,PKM2,A04,F05,554,/tscc/nfs/home/bay001/projects/encode/temporary_data/merged_fastqs/554_CLIP_S58_2.A04_F05.demuxed.r1.fq.gz,/tscc/nfs/home/bay001/projects/encode/temporary_data/merged_fastqs/554_CLIP_S58_2.A04_F05.demuxed.r2.fq.gz,/tscc/nfs/home/bay001/projects/encode/temporary_data/demuxed_fastqs/failed.554_INPUT_S59_1.NIL.r1.fq.gz,/tscc/nfs/home/bay001/projects/encode/temporary_data/demuxed_fastqs/failed.554_INPUT_S59_1.NIL.r2.fq.gz
DNAJC2_HepG2_557,DNAJC2_HepG2_557,HepG2,1,/tscc/projects/ps-yeolab3/eboyle/encode/pipeline/adapters/fwd_encode3.fasta,/tscc/projects/ps-yeolab4/software/skipper/1.99.0/examples/inputs/InvRiL19.fasta,1,/tscc/projects/ps-yeolab3/eboyle/encode/pipeline/adapters/fwd_encode3.fasta,/tscc/projects/ps-yeolab5/encode/processing/rerun_failed/adapters/A04_F05.fasta,DNAJC2,A04,F05,557,/tscc/nfs/home/bay001/projects/encode/temporary_data/merged_fastqs/557_CLIP_S44_1.A04_F05.demuxed.r1.fq.gz,/tscc/nfs/home/bay001/projects/encode/temporary_data/merged_fastqs/557_CLIP_S44_1.A04_F05.demuxed.r2.fq.gz,/tscc/nfs/home/bay001/projects/encode/temporary_data/demuxed_fastqs/failed.557_INPUT_S45_1.NIL.r1.fq.gz,/tscc/nfs/home/bay001/projects/encode/temporary_data/demuxed_fastqs/failed.557_INPUT_S45_1.NIL.r2.fq.gz
DNAJC2_HepG2_557,DNAJC2_HepG2_557,HepG2,1,/tscc/projects/ps-yeolab3/eboyle/encode/pipeline/adapters/fwd_encode3.fasta,/tscc/projects/ps-yeolab4/software/skipper/1.99.0/examples/inputs/InvRiL19.fasta,2,/tscc/projects/ps-yeolab3/eboyle/encode/pipeline/adapters/fwd_encode3.fasta,/tscc/projects/ps-yeolab5/encode/processing/rerun_failed/adapters/A03_G07.fasta,DNAJC2,A03,G07,557,/tscc/nfs/home/bay001/projects/encode/temporary_data/merged_fastqs/557_CLIP_S44_2.A03_G07.demuxed.r1.fq.gz,/tscc/nfs/home/bay001/projects/encode/temporary_data/merged_fastqs/557_CLIP_S44_2.A03_G07.demuxed.r2.fq.gz,/tscc/nfs/home/bay001/projects/encode/temporary_data/demuxed_fastqs/failed.557_INPUT_S45_1.NIL.r1.fq.gz,/tscc/nfs/home/bay001/projects/encode/temporary_data/demuxed_fastqs/failed.557_INPUT_S45_1.NIL.r2.fq.gz
RCC2_HepG2_590,RCC2_HepG2_590,HepG2,1,/tscc/projects/ps-yeolab3/eboyle/encode/pipeline/adapters/fwd_encode3.fasta,/tscc/projects/ps-yeolab4/software/skipper/1.99.0/examples/inputs/InvRiL19.fasta,1,/tscc/projects/ps-yeolab3/eboyle/encode/pipeline/adapters/fwd_encode3.fasta,/tscc/projects/ps-yeolab5/encode/processing/rerun_failed/adapters/X1A_X1B.fasta,RCC2,X1A,X1B,590,/tscc/nfs/home/bay001/projects/encode/temporary_data/merged_fastqs/590_CLIP_S7_1.X1A_X1B.demuxed.r1.fq.gz,/tscc/nfs/home/bay001/projects/encode/temporary_data/merged_fastqs/590_CLIP_S7_1.X1A_X1B.demuxed.r2.fq.gz,/tscc/nfs/home/bay001/projects/encode/temporary_data/demuxed_fastqs/failed.590_INPUT_S8_1.NIL.r1.fq.gz,/tscc/nfs/home/bay001/projects/encode/temporary_data/demuxed_fastqs/failed.590_INPUT_S8_1.NIL.r2.fq.gz
RCC2_HepG2_590,RCC2_HepG2_590,HepG2,1,/tscc/projects/ps-yeolab3/eboyle/encode/pipeline/adapters/fwd_encode3.fasta,/tscc/projects/ps-yeolab4/software/skipper/1.99.0/examples/inputs/InvRiL19.fasta,2,/tscc/projects/ps-yeolab3/eboyle/encode/pipeline/adapters/fwd_encode3.fasta,/tscc/projects/ps-yeolab5/encode/processing/rerun_failed/adapters/X2A_X2B.fasta,RCC2,X2A,X2B,590,/tscc/nfs/home/bay001/projects/encode/temporary_data/merged_fastqs/590_CLIP_S7_2.X2A_X2B.demuxed.r1.fq.gz,/tscc/nfs/home/bay001/projects/encode/temporary_data/merged_fastqs/590_CLIP_S7_2.X2A_X2B.demuxed.r2.fq.gz,/tscc/nfs/home/bay001/projects/encode/temporary_data/demuxed_fastqs/failed.590_INPUT_S8_1.NIL.r1.fq.gz,/tscc/nfs/home/bay001/projects/encode/temporary_data/demuxed_fastqs/failed.590_INPUT_S8_1.NIL.r2.fq.gz
RBM17_HepG2_591,RBM17_HepG2_591,HepG2,1,/tscc/projects/ps-yeolab3/eboyle/encode/pipeline/adapters/fwd_encode3.fasta,/tscc/projects/ps-yeolab4/software/skipper/1.99.0/examples/inputs/InvRiL19.fasta,1,/tscc/projects/ps-yeolab3/eboyle/encode/pipeline/adapters/fwd_encode3.fasta,/tscc/projects/ps-yeolab5/encode/processing/rerun_failed/adapters/A04_F05.fasta,RBM17,A04,F05,591,/tscc/nfs/home/bay001/projects/encode/temporary_data/merged_fastqs/591_CLIP_S13_1.A04_F05.demuxed.r1.fq.gz,/tscc/nfs/home/bay001/projects/encode/temporary_data/merged_fastqs/591_CLIP_S13_1.A04_F05.demuxed.r2.fq.gz,/tscc/nfs/home/bay001/projects/encode/temporary_data/demuxed_fastqs/failed.591_INPUT_S14_1.NIL.r1.fq.gz,/tscc/nfs/home/bay001/projects/encode/temporary_data/demuxed_fastqs/failed.591_INPUT_S14_1.NIL.r2.fq.gz
RBM17_HepG2_591,RBM17_HepG2_591,HepG2,1,/tscc/projects/ps-yeolab3/eboyle/encode/pipeline/adapters/fwd_encode3.fasta,/tscc/projects/ps-yeolab4/software/skipper/1.99.0/examples/inputs/InvRiL19.fasta,2,/tscc/projects/ps-yeolab3/eboyle/encode/pipeline/adapters/fwd_encode3.fasta,/tscc/projects/ps-yeolab5/encode/processing/rerun_failed/adapters/A03_G07.fasta,RBM17,A03,G07,591,/tscc/nfs/home/bay001/projects/encode/temporary_data/merged_fastqs/591_CLIP_S13_2.A03_G07.demuxed.r1.fq.gz,/tscc/nfs/home/bay001/projects/encode/temporary_data/merged_fastqs/591_CLIP_S13_2.A03_G07.demuxed.r2.fq.gz,/tscc/nfs/home/bay001/projects/encode/temporary_data/demuxed_fastqs/failed.591_INPUT_S14_1.NIL.r1.fq.gz,/tscc/nfs/home/bay001/projects/encode/temporary_data/demuxed_fastqs/failed.591_INPUT_S14_1.NIL.r2.fq.gz
HSPD1_HepG2_594,HSPD1_HepG2_594,HepG2,1,/tscc/projects/ps-yeolab3/eboyle/encode/pipeline/adapters/fwd_encode3.fasta,/tscc/projects/ps-yeolab4/software/skipper/1.99.0/examples/inputs/InvRiL19.fasta,1,/tscc/projects/ps-yeolab3/eboyle/encode/pipeline/adapters/fwd_encode3.fasta,/tscc/projects/ps-yeolab5/encode/processing/rerun_failed/adapters/A04_F05.fasta,HSPD1,A04,F05,594,/tscc/nfs/home/bay001/projects/encode/temporary_data/merged_fastqs/594_CLIP_S23_1.A04_F05.demuxed.r1.fq.gz,/tscc/nfs/home/bay001/projects/encode/temporary_data/merged_fastqs/594_CLIP_S23_1.A04_F05.demuxed.r2.fq.gz,/tscc/nfs/home/bay001/projects/encode/temporary_data/demuxed_fastqs/failed.594_INPUT_S24_1.NIL.r1.fq.gz,/tscc/nfs/home/bay001/projects/encode/temporary_data/demuxed_fastqs/failed.594_INPUT_S24_1.NIL.r2.fq.gz
HSPD1_HepG2_594,HSPD1_HepG2_594,HepG2,1,/tscc/projects/ps-yeolab3/eboyle/encode/pipeline/adapters/fwd_encode3.fasta,/tscc/projects/ps-yeolab4/software/skipper/1.99.0/examples/inputs/InvRiL19.fasta,2,/tscc/projects/ps-yeolab3/eboyle/encode/pipeline/adapters/fwd_encode3.fasta,/tscc/projects/ps-yeolab5/encode/processing/rerun_failed/adapters/A03_G07.fasta,HSPD1,A03,G07,594,/tscc/nfs/home/bay001/projects/encode/temporary_data/merged_fastqs/594_CLIP_S23_2.A03_G07.demuxed.r1.fq.gz,/tscc/nfs/home/bay001/projects/encode/temporary_data/merged_fastqs/594_CLIP_S23_2.A03_G07.demuxed.r2.fq.gz,/tscc/nfs/home/bay001/projects/encode/temporary_data/demuxed_fastqs/failed.594_INPUT_S24_1.NIL.r1.fq.gz,/tscc/nfs/home/bay001/projects/encode/temporary_data/demuxed_fastqs/failed.594_INPUT_S24_1.NIL.r2.fq.gz
NUFIP2_HepG2_622,NUFIP2_HepG2_622,HepG2,1,/tscc/projects/ps-yeolab3/eboyle/encode/pipeline/adapters/fwd_encode3.fasta,/tscc/projects/ps-yeolab4/software/skipper/1.99.0/examples/inputs/InvRiL19.fasta,1,/tscc/projects/ps-yeolab3/eboyle/encode/pipeline/adapters/fwd_encode3.fasta,/tscc/projects/ps-yeolab5/encode/processing/rerun_failed/adapters/A04_F05.fasta,NUFIP2,A04,F05,622,/tscc/nfs/home/bay001/projects/encode/temporary_data/merged_fastqs/622_CLIP_S27_1.A04_F05.demuxed.r1.fq.gz,/tscc/nfs/home/bay001/projects/encode/temporary_data/merged_fastqs/622_CLIP_S27_1.A04_F05.demuxed.r2.fq.gz,/tscc/nfs/home/bay001/projects/encode/temporary_data/demuxed_fastqs/failed.622_INPUT_S28_1.NIL.r1.fq.gz,/tscc/nfs/home/bay001/projects/encode/temporary_data/demuxed_fastqs/failed.622_INPUT_S28_1.NIL.r2.fq.gz
NUFIP2_HepG2_622,NUFIP2_HepG2_622,HepG2,1,/tscc/projects/ps-yeolab3/eboyle/encode/pipeline/adapters/fwd_encode3.fasta,/tscc/projects/ps-yeolab4/software/skipper/1.99.0/examples/inputs/InvRiL19.fasta,2,/tscc/projects/ps-yeolab3/eboyle/encode/pipeline/adapters/fwd_encode3.fasta,/tscc/projects/ps-yeolab5/encode/processing/rerun_failed/adapters/A03_G07.fasta,NUFIP2,A03,G07,622,/tscc/nfs/home/bay001/projects/encode/temporary_data/merged_fastqs/622_CLIP_S27_2.A03_G07.demuxed.r1.fq.gz,/tscc/nfs/home/bay001/projects/encode/temporary_data/merged_fastqs/622_CLIP_S27_2.A03_G07.demuxed.r2.fq.gz,/tscc/nfs/home/bay001/projects/encode/temporary_data/demuxed_fastqs/failed.622_INPUT_S28_1.NIL.r1.fq.gz,/tscc/nfs/home/bay001/projects/encode/temporary_data/demuxed_fastqs/failed.622_INPUT_S28_1.NIL.r2.fq.gz
PA2G4_HepG2_627,PA2G4_HepG2_627,HepG2,1,/tscc/projects/ps-yeolab3/eboyle/encode/pipeline/adapters/fwd_encode3.fasta,/tscc/projects/ps-yeolab4/software/skipper/1.99.0/examples/inputs/InvRiL19.fasta,1,/tscc/projects/ps-yeolab3/eboyle/encode/pipeline/adapters/fwd_encode3.fasta,/tscc/projects/ps-yeolab5/encode/processing/rerun_failed/adapters/A04_F05.fasta,PA2G4,A04,F05,627,/tscc/nfs/home/bay001/projects/encode/temporary_data/merged_fastqs/627_CLIP_S9_1.A04_F05.demuxed.r1.fq.gz,/tscc/nfs/home/bay001/projects/encode/temporary_data/merged_fastqs/627_CLIP_S9_1.A04_F05.demuxed.r2.fq.gz,/tscc/nfs/home/bay001/projects/encode/temporary_data/demuxed_fastqs/failed.627_INPUT_S10_1.NIL.r1.fq.gz,/tscc/nfs/home/bay001/projects/encode/temporary_data/demuxed_fastqs/failed.627_INPUT_S10_1.NIL.r2.fq.gz
PA2G4_HepG2_627,PA2G4_HepG2_627,HepG2,1,/tscc/projects/ps-yeolab3/eboyle/encode/pipeline/adapters/fwd_encode3.fasta,/tscc/projects/ps-yeolab4/software/skipper/1.99.0/examples/inputs/InvRiL19.fasta,2,/tscc/projects/ps-yeolab3/eboyle/encode/pipeline/adapters/fwd_encode3.fasta,/tscc/projects/ps-yeolab5/encode/processing/rerun_failed/adapters/A03_G07.fasta,PA2G4,A03,G07,627,/tscc/nfs/home/bay001/projects/encode/temporary_data/merged_fastqs/627_CLIP_S9_2.A03_G07.demuxed.r1.fq.gz,/tscc/nfs/home/bay001/projects/encode/temporary_data/merged_fastqs/627_CLIP_S9_2.A03_G07.demuxed.r2.fq.gz,/tscc/nfs/home/bay001/projects/encode/temporary_data/demuxed_fastqs/failed.627_INPUT_S10_1.NIL.r1.fq.gz,/tscc/nfs/home/bay001/projects/encode/temporary_data/demuxed_fastqs/failed.627_INPUT_S10_1.NIL.r2.fq.gz
RAVER1_HepG2_500,RAVER1_HepG2_500,HepG2,1,/tscc/projects/ps-yeolab3/eboyle/encode/pipeline/adapters/fwd_encode3.fasta,/tscc/projects/ps-yeolab4/software/skipper/1.99.0/examples/inputs/InvRiL19.fasta,1,/tscc/projects/ps-yeolab3/eboyle/encode/pipeline/adapters/fwd_encode3.fasta,/tscc/projects/ps-yeolab5/encode/processing/rerun_failed/adapters/A01_B06.fasta,RAVER1,A01,B06,500,/tscc/nfs/home/bay001/projects/encode/temporary_data/merged_fastqs/500_CLIP_S3_1.A01_B06.demuxed.r1.fq.gz,/tscc/nfs/home/bay001/projects/encode/temporary_data/merged_fastqs/500_CLIP_S3_1.A01_B06.demuxed.r2.fq.gz,/tscc/nfs/home/bay001/projects/encode/temporary_data/demuxed_fastqs/failed.500_INPUT_S4_1.NIL.r1.fq.gz,/tscc/nfs/home/bay001/projects/encode/temporary_data/demuxed_fastqs/failed.500_INPUT_S4_1.NIL.r2.fq.gz
RAVER1_HepG2_500,RAVER1_HepG2_500,HepG2,1,/tscc/projects/ps-yeolab3/eboyle/encode/pipeline/adapters/fwd_encode3.fasta,/tscc/projects/ps-yeolab4/software/skipper/1.99.0/examples/inputs/InvRiL19.fasta,2,/tscc/projects/ps-yeolab3/eboyle/encode/pipeline/adapters/fwd_encode3.fasta,/tscc/projects/ps-yeolab5/encode/processing/rerun_failed/adapters/C01_D08fixed.fasta,RAVER1,C01,D08fixed,500,/tscc/nfs/home/bay001/projects/encode/temporary_data/merged_fastqs/500_CLIP_S3_2.C01_D08fixed.demuxed.r1.fq.gz,/tscc/nfs/home/bay001/projects/encode/temporary_data/merged_fastqs/500_CLIP_S3_2.C01_D08fixed.demuxed.r2.fq.gz,/tscc/nfs/home/bay001/projects/encode/temporary_data/demuxed_fastqs/failed.500_INPUT_S4_1.NIL.r1.fq.gz,/tscc/nfs/home/bay001/projects/encode/temporary_data/demuxed_fastqs/failed.500_INPUT_S4_1.NIL.r2.fq.gz
PSIP1_HepG2_618,PSIP1_HepG2_618,HepG2,1,/tscc/projects/ps-yeolab3/eboyle/encode/pipeline/adapters/fwd_encode3.fasta,/tscc/projects/ps-yeolab4/software/skipper/1.99.0/examples/inputs/InvRiL19.fasta,1,/tscc/projects/ps-yeolab3/eboyle/encode/pipeline/adapters/fwd_encode3.fasta,/tscc/projects/ps-yeolab5/encode/processing/rerun_failed/adapters/A04_F05.fasta,PSIP1,A04,F05,618,/tscc/nfs/home/bay001/projects/encode/temporary_data/merged_fastqs/618_CLIP_S47_1.A04_F05.demuxed.r1.fq.gz,/tscc/nfs/home/bay001/projects/encode/temporary_data/merged_fastqs/618_CLIP_S47_1.A04_F05.demuxed.r2.fq.gz,/tscc/nfs/home/bay001/projects/encode/temporary_data/demuxed_fastqs/failed.618_INPUT_S48_1.NIL.r1.fq.gz,/tscc/nfs/home/bay001/projects/encode/temporary_data/demuxed_fastqs/failed.618_INPUT_S48_1.NIL.r2.fq.gz
PSIP1_HepG2_618,PSIP1_HepG2_618,HepG2,1,/tscc/projects/ps-yeolab3/eboyle/encode/pipeline/adapters/fwd_encode3.fasta,/tscc/projects/ps-yeolab4/software/skipper/1.99.0/examples/inputs/InvRiL19.fasta,2,/tscc/projects/ps-yeolab3/eboyle/encode/pipeline/adapters/fwd_encode3.fasta,/tscc/projects/ps-yeolab5/encode/processing/rerun_failed/adapters/A03_G07.fasta,PSIP1,A03,G07,618,/tscc/nfs/home/bay001/projects/encode/temporary_data/merged_fastqs/618_CLIP_S47_2.A03_G07.demuxed.r1.fq.gz,/tscc/nfs/home/bay001/projects/encode/temporary_data/merged_fastqs/618_CLIP_S47_2.A03_G07.demuxed.r2.fq.gz,/tscc/nfs/home/bay001/projects/encode/temporary_data/demuxed_fastqs/failed.618_INPUT_S48_1.NIL.r1.fq.gz,/tscc/nfs/home/bay001/projects/encode/temporary_data/demuxed_fastqs/failed.618_INPUT_S48_1.NIL.r2.fq.gz
PHF6_HepG2_630,PHF6_HepG2_630,HepG2,1,/tscc/projects/ps-yeolab3/eboyle/encode/pipeline/adapters/fwd_encode3.fasta,/tscc/projects/ps-yeolab4/software/skipper/1.99.0/examples/inputs/InvRiL19.fasta,1,/tscc/projects/ps-yeolab3/eboyle/encode/pipeline/adapters/fwd_encode3.fasta,/tscc/projects/ps-yeolab5/encode/processing/rerun_failed/adapters/A04_F05.fasta,PHF6,A04,F05,630,/tscc/nfs/home/bay001/projects/encode/temporary_data/merged_fastqs/630_CLIP_S23_1.A04_F05.demuxed.r1.fq.gz,/tscc/nfs/home/bay001/projects/encode/temporary_data/merged_fastqs/630_CLIP_S23_1.A04_F05.demuxed.r2.fq.gz,/tscc/nfs/home/bay001/projects/encode/temporary_data/demuxed_fastqs/failed.630_INPUT_S24_1.NIL.r1.fq.gz,/tscc/nfs/home/bay001/projects/encode/temporary_data/demuxed_fastqs/failed.630_INPUT_S24_1.NIL.r2.fq.gz
PHF6_HepG2_630,PHF6_HepG2_630,HepG2,1,/tscc/projects/ps-yeolab3/eboyle/encode/pipeline/adapters/fwd_encode3.fasta,/tscc/projects/ps-yeolab4/software/skipper/1.99.0/examples/inputs/InvRiL19.fasta,2,/tscc/projects/ps-yeolab3/eboyle/encode/pipeline/adapters/fwd_encode3.fasta,/tscc/projects/ps-yeolab5/encode/processing/rerun_failed/adapters/A03_G07.fasta,PHF6,A03,G07,630,/tscc/nfs/home/bay001/projects/encode/temporary_data/merged_fastqs/630_CLIP_S23_2.A03_G07.demuxed.r1.fq.gz,/tscc/nfs/home/bay001/projects/encode/temporary_data/merged_fastqs/630_CLIP_S23_2.A03_G07.demuxed.r2.fq.gz,/tscc/nfs/home/bay001/projects/encode/temporary_data/demuxed_fastqs/failed.630_INPUT_S24_1.NIL.r1.fq.gz,/tscc/nfs/home/bay001/projects/encode/temporary_data/demuxed_fastqs/failed.630_INPUT_S24_1.NIL.r2.fq.gz
GNB2L1_HepG2_637,GNB2L1_HepG2_637,HepG2,1,/tscc/projects/ps-yeolab3/eboyle/encode/pipeline/adapters/fwd_encode3.fasta,/tscc/projects/ps-yeolab4/software/skipper/1.99.0/examples/inputs/InvRiL19.fasta,1,/tscc/projects/ps-yeolab3/eboyle/encode/pipeline/adapters/fwd_encode3.fasta,/tscc/projects/ps-yeolab5/encode/processing/rerun_failed/adapters/A04_F05.fasta,GNB2L1,A04,F05,637,/tscc/nfs/home/bay001/projects/encode/temporary_data/merged_fastqs/637_CLIP_S108_1.A04_F05.demuxed.r1.fq.gz,/tscc/nfs/home/bay001/projects/encode/temporary_data/merged_fastqs/637_CLIP_S108_1.A04_F05.demuxed.r2.fq.gz,/tscc/nfs/home/bay001/projects/encode/temporary_data/demuxed_fastqs/failed.637_INPUT_S109_1.NIL.r1.fq.gz,/tscc/nfs/home/bay001/projects/encode/temporary_data/demuxed_fastqs/failed.637_INPUT_S109_1.NIL.r2.fq.gz
GNB2L1_HepG2_637,GNB2L1_HepG2_637,HepG2,1,/tscc/projects/ps-yeolab3/eboyle/encode/pipeline/adapters/fwd_encode3.fasta,/tscc/projects/ps-yeolab4/software/skipper/1.99.0/examples/inputs/InvRiL19.fasta,2,/tscc/projects/ps-yeolab3/eboyle/encode/pipeline/adapters/fwd_encode3.fasta,/tscc/projects/ps-yeolab5/encode/processing/rerun_failed/adapters/A03_G07.fasta,GNB2L1,A03,G07,637,/tscc/nfs/home/bay001/projects/encode/temporary_data/merged_fastqs/637_CLIP_S108_2.A03_G07.demuxed.r1.fq.gz,/tscc/nfs/home/bay001/projects/encode/temporary_data/merged_fastqs/637_CLIP_S108_2.A03_G07.demuxed.r2.fq.gz,/tscc/nfs/home/bay001/projects/encode/temporary_data/demuxed_fastqs/failed.637_INPUT_S109_1.NIL.r1.fq.gz,/tscc/nfs/home/bay001/projects/encode/temporary_data/demuxed_fastqs/failed.637_INPUT_S109_1.NIL.r2.fq.gz
FIP1L1_HepG2_573,FIP1L1_HepG2_573,HepG2,1,/tscc/projects/ps-yeolab3/eboyle/encode/pipeline/adapters/fwd_encode3.fasta,/tscc/projects/ps-yeolab4/software/skipper/1.99.0/examples/inputs/InvRiL19.fasta,1,/tscc/projects/ps-yeolab3/eboyle/encode/pipeline/adapters/fwd_encode3.fasta,/tscc/projects/ps-yeolab5/encode/processing/rerun_failed/adapters/A01_B06.fasta,FIP1L1,A01,B06,573,/tscc/nfs/home/bay001/projects/encode/temporary_data/merged_fastqs/573_CLIP_S49_1.A01_B06.demuxed.r1.fq.gz,/tscc/nfs/home/bay001/projects/encode/temporary_data/merged_fastqs/573_CLIP_S49_1.A01_B06.demuxed.r2.fq.gz,/tscc/nfs/home/bay001/projects/encode/temporary_data/demuxed_fastqs/failed.573_INPUT_S50_1.NIL.r1.fq.gz,/tscc/nfs/home/bay001/projects/encode/temporary_data/demuxed_fastqs/failed.573_INPUT_S50_1.NIL.r2.fq.gz
FIP1L1_HepG2_573,FIP1L1_HepG2_573,HepG2,1,/tscc/projects/ps-yeolab3/eboyle/encode/pipeline/adapters/fwd_encode3.fasta,/tscc/projects/ps-yeolab4/software/skipper/1.99.0/examples/inputs/InvRiL19.fasta,2,/tscc/projects/ps-yeolab3/eboyle/encode/pipeline/adapters/fwd_encode3.fasta,/tscc/projects/ps-yeolab5/encode/processing/rerun_failed/adapters/C01_D08fixed.fasta,FIP1L1,C01,D08fixed,573,/tscc/nfs/home/bay001/projects/encode/temporary_data/merged_fastqs/573_CLIP_S49_2.C01_D08fixed.demuxed.r1.fq.gz,/tscc/nfs/home/bay001/projects/encode/temporary_data/merged_fastqs/573_CLIP_S49_2.C01_D08fixed.demuxed.r2.fq.gz,/tscc/nfs/home/bay001/projects/encode/temporary_data/demuxed_fastqs/failed.573_INPUT_S50_1.NIL.r1.fq.gz,/tscc/nfs/home/bay001/projects/encode/temporary_data/demuxed_fastqs/failed.573_INPUT_S50_1.NIL.r2.fq.gz
EIF3G_HepG2_657,EIF3G_HepG2_657,HepG2,1,/tscc/projects/ps-yeolab3/eboyle/encode/pipeline/adapters/fwd_encode3.fasta,/tscc/projects/ps-yeolab4/software/skipper/1.99.0/examples/inputs/InvRiL19.fasta,1,/tscc/projects/ps-yeolab3/eboyle/encode/pipeline/adapters/fwd_encode3.fasta,/tscc/projects/ps-yeolab5/encode/processing/rerun_failed/adapters/A03_G07.fasta,EIF3G,A03,G07,657,/tscc/nfs/home/bay001/projects/encode/temporary_data/merged_fastqs/657_CLIP_S28_1.A03_G07.demuxed.r1.fq.gz,/tscc/nfs/home/bay001/projects/encode/temporary_data/merged_fastqs/657_CLIP_S28_1.A03_G07.demuxed.r2.fq.gz,/tscc/nfs/home/bay001/projects/encode/temporary_data/demuxed_fastqs/failed.657_INPUT_S29_1.NIL.r1.fq.gz,/tscc/nfs/home/bay001/projects/encode/temporary_data/demuxed_fastqs/failed.657_INPUT_S29_1.NIL.r2.fq.gz
EIF3G_HepG2_657,EIF3G_HepG2_657,HepG2,1,/tscc/projects/ps-yeolab3/eboyle/encode/pipeline/adapters/fwd_encode3.fasta,/tscc/projects/ps-yeolab4/software/skipper/1.99.0/examples/inputs/InvRiL19.fasta,2,/tscc/projects/ps-yeolab3/eboyle/encode/pipeline/adapters/fwd_encode3.fasta,/tscc/projects/ps-yeolab5/encode/processing/rerun_failed/adapters/A04_F05.fasta,EIF3G,A04,F05,657,/tscc/nfs/home/bay001/projects/encode/temporary_data/merged_fastqs/657_CLIP_S28_2.A04_F05.demuxed.r1.fq.gz,/tscc/nfs/home/bay001/projects/encode/temporary_data/merged_fastqs/657_CLIP_S28_2.A04_F05.demuxed.r2.fq.gz,/tscc/nfs/home/bay001/projects/encode/temporary_data/demuxed_fastqs/failed.657_INPUT_S29_1.NIL.r1.fq.gz,/tscc/nfs/home/bay001/projects/encode/temporary_data/demuxed_fastqs/failed.657_INPUT_S29_1.NIL.r2.fq.gz
DAZAP1_HepG2_691,DAZAP1_HepG2_691,HepG2,1,/tscc/projects/ps-yeolab3/eboyle/encode/pipeline/adapters/fwd_encode3.fasta,/tscc/projects/ps-yeolab4/software/skipper/1.99.0/examples/inputs/InvRiL19.fasta,1,/tscc/projects/ps-yeolab3/eboyle/encode/pipeline/adapters/fwd_encode3.fasta,/tscc/projects/ps-yeolab5/encode/processing/rerun_failed/adapters/X1A_X1B.fasta,DAZAP1,X1A,X1B,691,/tscc/nfs/home/bay001/projects/encode/temporary_data/merged_fastqs/691_CLIP_S36_1.X1A_X1B.demuxed.r1.fq.gz,/tscc/nfs/home/bay001/projects/encode/temporary_data/merged_fastqs/691_CLIP_S36_1.X1A_X1B.demuxed.r2.fq.gz,/tscc/nfs/home/bay001/projects/encode/temporary_data/demuxed_fastqs/failed.691_INPUT_S35_1.NIL.r1.fq.gz,/tscc/nfs/home/bay001/projects/encode/temporary_data/demuxed_fastqs/failed.691_INPUT_S35_1.NIL.r2.fq.gz
DAZAP1_HepG2_691,DAZAP1_HepG2_691,HepG2,1,/tscc/projects/ps-yeolab3/eboyle/encode/pipeline/adapters/fwd_encode3.fasta,/tscc/projects/ps-yeolab4/software/skipper/1.99.0/examples/inputs/InvRiL19.fasta,2,/tscc/projects/ps-yeolab3/eboyle/encode/pipeline/adapters/fwd_encode3.fasta,/tscc/projects/ps-yeolab5/encode/processing/rerun_failed/adapters/X2A_X2B.fasta,DAZAP1,X2A,X2B,691,/tscc/nfs/home/bay001/projects/encode/temporary_data/merged_fastqs/691_CLIP_S36_2.X2A_X2B.demuxed.r1.fq.gz,/tscc/nfs/home/bay001/projects/encode/temporary_data/merged_fastqs/691_CLIP_S36_2.X2A_X2B.demuxed.r2.fq.gz,/tscc/nfs/home/bay001/projects/encode/temporary_data/demuxed_fastqs/failed.691_INPUT_S35_1.NIL.r1.fq.gz,/tscc/nfs/home/bay001/projects/encode/temporary_data/demuxed_fastqs/failed.691_INPUT_S35_1.NIL.r2.fq.gz
ILF2_HepG2_597,ILF2_HepG2_597,HepG2,1,/tscc/projects/ps-yeolab3/eboyle/encode/pipeline/adapters/fwd_encode3.fasta,/tscc/projects/ps-yeolab4/software/skipper/1.99.0/examples/inputs/InvRiL19.fasta,1,/tscc/projects/ps-yeolab3/eboyle/encode/pipeline/adapters/fwd_encode3.fasta,/tscc/projects/ps-yeolab5/encode/processing/rerun_failed/adapters/A01_B06.fasta,ILF2,A01,B06,597,/tscc/nfs/home/bay001/projects/encode/temporary_data/merged_fastqs/597_CLIP_S5_1.A01_B06.demuxed.r1.fq.gz,/tscc/nfs/home/bay001/projects/encode/temporary_data/merged_fastqs/597_CLIP_S5_1.A01_B06.demuxed.r2.fq.gz,/tscc/nfs/home/bay001/projects/encode/temporary_data/demuxed_fastqs/failed.597_INPUT_S6_1.NIL.r1.fq.gz,/tscc/nfs/home/bay001/projects/encode/temporary_data/demuxed_fastqs/failed.597_INPUT_S6_1.NIL.r2.fq.gz
ILF2_HepG2_597,ILF2_HepG2_597,HepG2,1,/tscc/projects/ps-yeolab3/eboyle/encode/pipeline/adapters/fwd_encode3.fasta,/tscc/projects/ps-yeolab4/software/skipper/1.99.0/examples/inputs/InvRiL19.fasta,2,/tscc/projects/ps-yeolab3/eboyle/encode/pipeline/adapters/fwd_encode3.fasta,/tscc/projects/ps-yeolab5/encode/processing/rerun_failed/adapters/C01_D08fixed.fasta,ILF2,C01,D08fixed,597,/tscc/nfs/home/bay001/projects/encode/temporary_data/merged_fastqs/597_CLIP_S5_2.C01_D08fixed.demuxed.r1.fq.gz,/tscc/nfs/home/bay001/projects/encode/temporary_data/merged_fastqs/597_CLIP_S5_2.C01_D08fixed.demuxed.r2.fq.gz,/tscc/nfs/home/bay001/projects/encode/temporary_data/demuxed_fastqs/failed.597_INPUT_S6_1.NIL.r1.fq.gz,/tscc/nfs/home/bay001/projects/encode/temporary_data/demuxed_fastqs/failed.597_INPUT_S6_1.NIL.r2.fq.gz
CALR_HepG2_634,CALR_HepG2_634,HepG2,1,/tscc/projects/ps-yeolab3/eboyle/encode/pipeline/adapters/fwd_encode3.fasta,/tscc/projects/ps-yeolab4/software/skipper/1.99.0/examples/inputs/InvRiL19.fasta,1,/tscc/projects/ps-yeolab3/eboyle/encode/pipeline/adapters/fwd_encode3.fasta,/tscc/projects/ps-yeolab5/encode/processing/rerun_failed/adapters/A03_G07.fasta,CALR,A03,G07,634,/tscc/nfs/home/bay001/projects/encode/temporary_data/merged_fastqs/634_CLIP_S3_1.A03_G07.demuxed.r1.fq.gz,/tscc/nfs/home/bay001/projects/encode/temporary_data/merged_fastqs/634_CLIP_S3_1.A03_G07.demuxed.r2.fq.gz,/tscc/nfs/home/bay001/projects/encode/temporary_data/demuxed_fastqs/failed.634_INPUT_S4_1.NIL.r1.fq.gz,/tscc/nfs/home/bay001/projects/encode/temporary_data/demuxed_fastqs/failed.634_INPUT_S4_1.NIL.r2.fq.gz
CALR_HepG2_634,CALR_HepG2_634,HepG2,1,/tscc/projects/ps-yeolab3/eboyle/encode/pipeline/adapters/fwd_encode3.fasta,/tscc/projects/ps-yeolab4/software/skipper/1.99.0/examples/inputs/InvRiL19.fasta,2,/tscc/projects/ps-yeolab3/eboyle/encode/pipeline/adapters/fwd_encode3.fasta,/tscc/projects/ps-yeolab5/encode/processing/rerun_failed/adapters/A04_F05.fasta,CALR,A04,F05,634,/tscc/nfs/home/bay001/projects/encode/temporary_data/merged_fastqs/634_CLIP_S3_2.A04_F05.demuxed.r1.fq.gz,/tscc/nfs/home/bay001/projects/encode/temporary_data/merged_fastqs/634_CLIP_S3_2.A04_F05.demuxed.r2.fq.gz,/tscc/nfs/home/bay001/projects/encode/temporary_data/demuxed_fastqs/failed.634_INPUT_S4_1.NIL.r1.fq.gz,/tscc/nfs/home/bay001/projects/encode/temporary_data/demuxed_fastqs/failed.634_INPUT_S4_1.NIL.r2.fq.gz
EEF2_HepG2_635,EEF2_HepG2_635,HepG2,1,/tscc/projects/ps-yeolab3/eboyle/encode/pipeline/adapters/fwd_encode3.fasta,/tscc/projects/ps-yeolab4/software/skipper/1.99.0/examples/inputs/InvRiL19.fasta,1,/tscc/projects/ps-yeolab3/eboyle/encode/pipeline/adapters/fwd_encode3.fasta,/tscc/projects/ps-yeolab5/encode/processing/rerun_failed/adapters/A03_G07.fasta,EEF2,A03,G07,635,/tscc/nfs/home/bay001/projects/encode/temporary_data/merged_fastqs/635_CLIP_S5_1.A03_G07.demuxed.r1.fq.gz,/tscc/nfs/home/bay001/projects/encode/temporary_data/merged_fastqs/635_CLIP_S5_1.A03_G07.demuxed.r2.fq.gz,/tscc/nfs/home/bay001/projects/encode/temporary_data/demuxed_fastqs/failed.635_INPUT_S6_1.NIL.r1.fq.gz,/tscc/nfs/home/bay001/projects/encode/temporary_data/demuxed_fastqs/failed.635_INPUT_S6_1.NIL.r2.fq.gz
EEF2_HepG2_635,EEF2_HepG2_635,HepG2,1,/tscc/projects/ps-yeolab3/eboyle/encode/pipeline/adapters/fwd_encode3.fasta,/tscc/projects/ps-yeolab4/software/skipper/1.99.0/examples/inputs/InvRiL19.fasta,2,/tscc/projects/ps-yeolab3/eboyle/encode/pipeline/adapters/fwd_encode3.fasta,/tscc/projects/ps-yeolab5/encode/processing/rerun_failed/adapters/A04_F05.fasta,EEF2,A04,F05,635,/tscc/nfs/home/bay001/projects/encode/temporary_data/merged_fastqs/635_CLIP_S5_2.A04_F05.demuxed.r1.fq.gz,/tscc/nfs/home/bay001/projects/encode/temporary_data/merged_fastqs/635_CLIP_S5_2.A04_F05.demuxed.r2.fq.gz,/tscc/nfs/home/bay001/projects/encode/temporary_data/demuxed_fastqs/failed.635_INPUT_S6_1.NIL.r1.fq.gz,/tscc/nfs/home/bay001/projects/encode/temporary_data/demuxed_fastqs/failed.635_INPUT_S6_1.NIL.r2.fq.gz
AARS_HepG2_636,AARS_HepG2_636,HepG2,1,/tscc/projects/ps-yeolab3/eboyle/encode/pipeline/adapters/fwd_encode3.fasta,/tscc/projects/ps-yeolab4/software/skipper/1.99.0/examples/inputs/InvRiL19.fasta,1,/tscc/projects/ps-yeolab3/eboyle/encode/pipeline/adapters/fwd_encode3.fasta,/tscc/projects/ps-yeolab5/encode/processing/rerun_failed/adapters/A03_G07.fasta,AARS,A03,G07,636,/tscc/nfs/home/bay001/projects/encode/temporary_data/merged_fastqs/636_CLIP_S9_1.A03_G07.demuxed.r1.fq.gz,/tscc/nfs/home/bay001/projects/encode/temporary_data/merged_fastqs/636_CLIP_S9_1.A03_G07.demuxed.r2.fq.gz,/tscc/nfs/home/bay001/projects/encode/temporary_data/demuxed_fastqs/failed.636_INPUT_S10_1.NIL.r1.fq.gz,/tscc/nfs/home/bay001/projects/encode/temporary_data/demuxed_fastqs/failed.636_INPUT_S10_1.NIL.r2.fq.gz
AARS_HepG2_636,AARS_HepG2_636,HepG2,1,/tscc/projects/ps-yeolab3/eboyle/encode/pipeline/adapters/fwd_encode3.fasta,/tscc/projects/ps-yeolab4/software/skipper/1.99.0/examples/inputs/InvRiL19.fasta,2,/tscc/projects/ps-yeolab3/eboyle/encode/pipeline/adapters/fwd_encode3.fasta,/tscc/projects/ps-yeolab5/encode/processing/rerun_failed/adapters/A04_F05.fasta,AARS,A04,F05,636,/tscc/nfs/home/bay001/projects/encode/temporary_data/merged_fastqs/636_CLIP_S9_2.A04_F05.demuxed.r1.fq.gz,/tscc/nfs/home/bay001/projects/encode/temporary_data/merged_fastqs/636_CLIP_S9_2.A04_F05.demuxed.r2.fq.gz,/tscc/nfs/home/bay001/projects/encode/temporary_data/demuxed_fastqs/failed.636_INPUT_S10_1.NIL.r1.fq.gz,/tscc/nfs/home/bay001/projects/encode/temporary_data/demuxed_fastqs/failed.636_INPUT_S10_1.NIL.r2.fq.gz
HNRNPA0_HepG2_704,HNRNPA0_HepG2_704,HepG2,1,/tscc/projects/ps-yeolab3/eboyle/encode/pipeline/adapters/fwd_encode3.fasta,/tscc/projects/ps-yeolab4/software/skipper/1.99.0/examples/inputs/InvRiL19.fasta,1,/tscc/projects/ps-yeolab3/eboyle/encode/pipeline/adapters/fwd_encode3.fasta,/tscc/projects/ps-yeolab5/encode/processing/rerun_failed/adapters/A04_F05.fasta,HNRNPA0,A04,F05,704,/tscc/nfs/home/bay001/projects/encode/temporary_data/merged_fastqs/704_CLIP_S86_1.A04_F05.demuxed.r1.fq.gz,/tscc/nfs/home/bay001/projects/encode/temporary_data/merged_fastqs/704_CLIP_S86_1.A04_F05.demuxed.r2.fq.gz,/tscc/nfs/home/bay001/projects/encode/temporary_data/demuxed_fastqs/failed.704_INPUT_S85_1.NIL.r1.fq.gz,/tscc/nfs/home/bay001/projects/encode/temporary_data/demuxed_fastqs/failed.704_INPUT_S85_1.NIL.r2.fq.gz
HNRNPA0_HepG2_704,HNRNPA0_HepG2_704,HepG2,1,/tscc/projects/ps-yeolab3/eboyle/encode/pipeline/adapters/fwd_encode3.fasta,/tscc/projects/ps-yeolab4/software/skipper/1.99.0/examples/inputs/InvRiL19.fasta,2,/tscc/projects/ps-yeolab3/eboyle/encode/pipeline/adapters/fwd_encode3.fasta,/tscc/projects/ps-yeolab5/encode/processing/rerun_failed/adapters/A03_G07.fasta,HNRNPA0,A03,G07,704,/tscc/nfs/home/bay001/projects/encode/temporary_data/merged_fastqs/704_CLIP_S86_2.A03_G07.demuxed.r1.fq.gz,/tscc/nfs/home/bay001/projects/encode/temporary_data/merged_fastqs/704_CLIP_S86_2.A03_G07.demuxed.r2.fq.gz,/tscc/nfs/home/bay001/projects/encode/temporary_data/demuxed_fastqs/failed.704_INPUT_S85_1.NIL.r1.fq.gz,/tscc/nfs/home/bay001/projects/encode/temporary_data/demuxed_fastqs/failed.704_INPUT_S85_1.NIL.r2.fq.gz
TRNAU1AP_HepG2_725,TRNAU1AP_HepG2_725,HepG2,1,/tscc/projects/ps-yeolab3/eboyle/encode/pipeline/adapters/fwd_encode3.fasta,/tscc/projects/ps-yeolab4/software/skipper/1.99.0/examples/inputs/InvRiL19.fasta,1,/tscc/projects/ps-yeolab3/eboyle/encode/pipeline/adapters/fwd_encode3.fasta,/tscc/projects/ps-yeolab5/encode/processing/rerun_failed/adapters/A01_B06.fasta,TRNAU1AP,A01,B06,725,/tscc/nfs/home/bay001/projects/encode/temporary_data/merged_fastqs/725_CLIP_S17_1.A01_B06.demuxed.r1.fq.gz,/tscc/nfs/home/bay001/projects/encode/temporary_data/merged_fastqs/725_CLIP_S17_1.A01_B06.demuxed.r2.fq.gz,/tscc/nfs/home/bay001/projects/encode/temporary_data/demuxed_fastqs/failed.725_INPUT_S16_1.NIL.r1.fq.gz,/tscc/nfs/home/bay001/projects/encode/temporary_data/demuxed_fastqs/failed.725_INPUT_S16_1.NIL.r2.fq.gz
TRNAU1AP_HepG2_725,TRNAU1AP_HepG2_725,HepG2,1,/tscc/projects/ps-yeolab3/eboyle/encode/pipeline/adapters/fwd_encode3.fasta,/tscc/projects/ps-yeolab4/software/skipper/1.99.0/examples/inputs/InvRiL19.fasta,2,/tscc/projects/ps-yeolab3/eboyle/encode/pipeline/adapters/fwd_encode3.fasta,/tscc/projects/ps-yeolab5/encode/processing/rerun_failed/adapters/C01_D08fixed.fasta,TRNAU1AP,C01,D08fixed,725,/tscc/nfs/home/bay001/projects/encode/temporary_data/merged_fastqs/725_CLIP_S17_2.C01_D08fixed.demuxed.r1.fq.gz,/tscc/nfs/home/bay001/projects/encode/temporary_data/merged_fastqs/725_CLIP_S17_2.C01_D08fixed.demuxed.r2.fq.gz,/tscc/nfs/home/bay001/projects/encode/temporary_data/demuxed_fastqs/failed.725_INPUT_S16_1.NIL.r1.fq.gz,/tscc/nfs/home/bay001/projects/encode/temporary_data/demuxed_fastqs/failed.725_INPUT_S16_1.NIL.r2.fq.gz
PCBP3_HepG2_751,PCBP3_HepG2_751,HepG2,1,/tscc/projects/ps-yeolab3/eboyle/encode/pipeline/adapters/fwd_encode3.fasta,/tscc/projects/ps-yeolab4/software/skipper/1.99.0/examples/inputs/InvRiL19.fasta,1,/tscc/projects/ps-yeolab3/eboyle/encode/pipeline/adapters/fwd_encode3.fasta,/tscc/projects/ps-yeolab5/encode/processing/rerun_failed/adapters/X1A_X1B.fasta,PCBP3,X1A,X1B,751,/tscc/nfs/home/bay001/projects/encode/temporary_data/merged_fastqs/751_CLIP_S37_1.X1A_X1B.demuxed.r1.fq.gz,/tscc/nfs/home/bay001/projects/encode/temporary_data/merged_fastqs/751_CLIP_S37_1.X1A_X1B.demuxed.r2.fq.gz,/tscc/nfs/home/bay001/projects/encode/temporary_data/demuxed_fastqs/failed.751_INPUT_S36_1.NIL.r1.fq.gz,/tscc/nfs/home/bay001/projects/encode/temporary_data/demuxed_fastqs/failed.751_INPUT_S36_1.NIL.r2.fq.gz
PCBP3_HepG2_751,PCBP3_HepG2_751,HepG2,1,/tscc/projects/ps-yeolab3/eboyle/encode/pipeline/adapters/fwd_encode3.fasta,/tscc/projects/ps-yeolab4/software/skipper/1.99.0/examples/inputs/InvRiL19.fasta,2,/tscc/projects/ps-yeolab3/eboyle/encode/pipeline/adapters/fwd_encode3.fasta,/tscc/projects/ps-yeolab5/encode/processing/rerun_failed/adapters/X2A_X2B.fasta,PCBP3,X2A,X2B,751,/tscc/nfs/home/bay001/projects/encode/temporary_data/merged_fastqs/751_CLIP_S37_2.X2A_X2B.demuxed.r1.fq.gz,/tscc/nfs/home/bay001/projects/encode/temporary_data/merged_fastqs/751_CLIP_S37_2.X2A_X2B.demuxed.r2.fq.gz,/tscc/nfs/home/bay001/projects/encode/temporary_data/demuxed_fastqs/failed.751_INPUT_S36_1.NIL.r1.fq.gz,/tscc/nfs/home/bay001/projects/encode/temporary_data/demuxed_fastqs/failed.751_INPUT_S36_1.NIL.r2.fq.gz
KHDRBS1_HepG2_756,KHDRBS1_HepG2_756,HepG2,1,/tscc/projects/ps-yeolab3/eboyle/encode/pipeline/adapters/fwd_encode3.fasta,/tscc/projects/ps-yeolab4/software/skipper/1.99.0/examples/inputs/InvRiL19.fasta,1,/tscc/projects/ps-yeolab3/eboyle/encode/pipeline/adapters/fwd_encode3.fasta,/tscc/projects/ps-yeolab5/encode/processing/rerun_failed/adapters/A04_F05.fasta,KHDRBS1,A04,F05,756,/tscc/nfs/home/bay001/projects/encode/temporary_data/merged_fastqs/756_CLIP_S49_1.A04_F05.demuxed.r1.fq.gz,/tscc/nfs/home/bay001/projects/encode/temporary_data/merged_fastqs/756_CLIP_S49_1.A04_F05.demuxed.r2.fq.gz,/tscc/nfs/home/bay001/projects/encode/temporary_data/demuxed_fastqs/failed.756_INPUT_S48_1.NIL.r1.fq.gz,/tscc/nfs/home/bay001/projects/encode/temporary_data/demuxed_fastqs/failed.756_INPUT_S48_1.NIL.r2.fq.gz
KHDRBS1_HepG2_756,KHDRBS1_HepG2_756,HepG2,1,/tscc/projects/ps-yeolab3/eboyle/encode/pipeline/adapters/fwd_encode3.fasta,/tscc/projects/ps-yeolab4/software/skipper/1.99.0/examples/inputs/InvRiL19.fasta,2,/tscc/projects/ps-yeolab3/eboyle/encode/pipeline/adapters/fwd_encode3.fasta,/tscc/projects/ps-yeolab5/encode/processing/rerun_failed/adapters/A03_G07.fasta,KHDRBS1,A03,G07,756,/tscc/nfs/home/bay001/projects/encode/temporary_data/merged_fastqs/756_CLIP_S49_2.A03_G07.demuxed.r1.fq.gz,/tscc/nfs/home/bay001/projects/encode/temporary_data/merged_fastqs/756_CLIP_S49_2.A03_G07.demuxed.r2.fq.gz,/tscc/nfs/home/bay001/projects/encode/temporary_data/demuxed_fastqs/failed.756_INPUT_S48_1.NIL.r1.fq.gz,/tscc/nfs/home/bay001/projects/encode/temporary_data/demuxed_fastqs/failed.756_INPUT_S48_1.NIL.r2.fq.gz
SMN1_HepG2_757,SMN1_HepG2_757,HepG2,1,/tscc/projects/ps-yeolab3/eboyle/encode/pipeline/adapters/fwd_encode3.fasta,/tscc/projects/ps-yeolab4/software/skipper/1.99.0/examples/inputs/InvRiL19.fasta,1,/tscc/projects/ps-yeolab3/eboyle/encode/pipeline/adapters/fwd_encode3.fasta,/tscc/projects/ps-yeolab5/encode/processing/rerun_failed/adapters/A03_G07.fasta,SMN1,A03,G07,757,/tscc/nfs/home/bay001/projects/encode/temporary_data/merged_fastqs/757_CLIP_S51_1.A03_G07.demuxed.r1.fq.gz,/tscc/nfs/home/bay001/projects/encode/temporary_data/merged_fastqs/757_CLIP_S51_1.A03_G07.demuxed.r2.fq.gz,/tscc/nfs/home/bay001/projects/encode/temporary_data/demuxed_fastqs/failed.757_INPUT_S50_1.NIL.r1.fq.gz,/tscc/nfs/home/bay001/projects/encode/temporary_data/demuxed_fastqs/failed.757_INPUT_S50_1.NIL.r2.fq.gz
SMN1_HepG2_757,SMN1_HepG2_757,HepG2,1,/tscc/projects/ps-yeolab3/eboyle/encode/pipeline/adapters/fwd_encode3.fasta,/tscc/projects/ps-yeolab4/software/skipper/1.99.0/examples/inputs/InvRiL19.fasta,2,/tscc/projects/ps-yeolab3/eboyle/encode/pipeline/adapters/fwd_encode3.fasta,/tscc/projects/ps-yeolab5/encode/processing/rerun_failed/adapters/A04_F05.fasta,SMN1,A04,F05,757,/tscc/nfs/home/bay001/projects/encode/temporary_data/merged_fastqs/757_CLIP_S51_2.A04_F05.demuxed.r1.fq.gz,/tscc/nfs/home/bay001/projects/encode/temporary_data/merged_fastqs/757_CLIP_S51_2.A04_F05.demuxed.r2.fq.gz,/tscc/nfs/home/bay001/projects/encode/temporary_data/demuxed_fastqs/failed.757_INPUT_S50_1.NIL.r1.fq.gz,/tscc/nfs/home/bay001/projects/encode/temporary_data/demuxed_fastqs/failed.757_INPUT_S50_1.NIL.r2.fq.gz
SUCLG1_HepG2_758,SUCLG1_HepG2_758,HepG2,1,/tscc/projects/ps-yeolab3/eboyle/encode/pipeline/adapters/fwd_encode3.fasta,/tscc/projects/ps-yeolab4/software/skipper/1.99.0/examples/inputs/InvRiL19.fasta,1,/tscc/projects/ps-yeolab3/eboyle/encode/pipeline/adapters/fwd_encode3.fasta,/tscc/projects/ps-yeolab5/encode/processing/rerun_failed/adapters/A04_F05.fasta,SUCLG1,A04,F05,758,/tscc/nfs/home/bay001/projects/encode/temporary_data/merged_fastqs/758_CLIP_S53_1.A04_F05.demuxed.r1.fq.gz,/tscc/nfs/home/bay001/projects/encode/temporary_data/merged_fastqs/758_CLIP_S53_1.A04_F05.demuxed.r2.fq.gz,/tscc/nfs/home/bay001/projects/encode/temporary_data/demuxed_fastqs/failed.758_INPUT_S52_1.NIL.r1.fq.gz,/tscc/nfs/home/bay001/projects/encode/temporary_data/demuxed_fastqs/failed.758_INPUT_S52_1.NIL.r2.fq.gz
SUCLG1_HepG2_758,SUCLG1_HepG2_758,HepG2,1,/tscc/projects/ps-yeolab3/eboyle/encode/pipeline/adapters/fwd_encode3.fasta,/tscc/projects/ps-yeolab4/software/skipper/1.99.0/examples/inputs/InvRiL19.fasta,2,/tscc/projects/ps-yeolab3/eboyle/encode/pipeline/adapters/fwd_encode3.fasta,/tscc/projects/ps-yeolab5/encode/processing/rerun_failed/adapters/A03_G07.fasta,SUCLG1,A03,G07,758,/tscc/nfs/home/bay001/projects/encode/temporary_data/merged_fastqs/758_CLIP_S53_2.A03_G07.demuxed.r1.fq.gz,/tscc/nfs/home/bay001/projects/encode/temporary_data/merged_fastqs/758_CLIP_S53_2.A03_G07.demuxed.r2.fq.gz,/tscc/nfs/home/bay001/projects/encode/temporary_data/demuxed_fastqs/failed.758_INPUT_S52_1.NIL.r1.fq.gz,/tscc/nfs/home/bay001/projects/encode/temporary_data/demuxed_fastqs/failed.758_INPUT_S52_1.NIL.r2.fq.gz
KIAA0020_HepG2_759,KIAA0020_HepG2_759,HepG2,1,/tscc/projects/ps-yeolab3/eboyle/encode/pipeline/adapters/fwd_encode3.fasta,/tscc/projects/ps-yeolab4/software/skipper/1.99.0/examples/inputs/InvRiL19.fasta,1,/tscc/projects/ps-yeolab3/eboyle/encode/pipeline/adapters/fwd_encode3.fasta,/tscc/projects/ps-yeolab5/encode/processing/rerun_failed/adapters/A03_G07.fasta,KIAA0020,A03,G07,759,/tscc/nfs/home/bay001/projects/encode/temporary_data/merged_fastqs/759_CLIP_S119_1.A03_G07.demuxed.r1.fq.gz,/tscc/nfs/home/bay001/projects/encode/temporary_data/merged_fastqs/759_CLIP_S119_1.A03_G07.demuxed.r2.fq.gz,/tscc/nfs/home/bay001/projects/encode/temporary_data/demuxed_fastqs/failed.759_INPUT_S118_1.NIL.r1.fq.gz,/tscc/nfs/home/bay001/projects/encode/temporary_data/demuxed_fastqs/failed.759_INPUT_S118_1.NIL.r2.fq.gz
KIAA0020_HepG2_759,KIAA0020_HepG2_759,HepG2,1,/tscc/projects/ps-yeolab3/eboyle/encode/pipeline/adapters/fwd_encode3.fasta,/tscc/projects/ps-yeolab4/software/skipper/1.99.0/examples/inputs/InvRiL19.fasta,2,/tscc/projects/ps-yeolab3/eboyle/encode/pipeline/adapters/fwd_encode3.fasta,/tscc/projects/ps-yeolab5/encode/processing/rerun_failed/adapters/A01_B06.fasta,KIAA0020,A01,B06,759,/tscc/nfs/home/bay001/projects/encode/temporary_data/merged_fastqs/759_CLIP_S119_2.A01_B06.demuxed.r1.fq.gz,/tscc/nfs/home/bay001/projects/encode/temporary_data/merged_fastqs/759_CLIP_S119_2.A01_B06.demuxed.r2.fq.gz,/tscc/nfs/home/bay001/projects/encode/temporary_data/demuxed_fastqs/failed.759_INPUT_S118_1.NIL.r1.fq.gz,/tscc/nfs/home/bay001/projects/encode/temporary_data/demuxed_fastqs/failed.759_INPUT_S118_1.NIL.r2.fq.gz
CASC3_HepG2_760,CASC3_HepG2_760,HepG2,1,/tscc/projects/ps-yeolab3/eboyle/encode/pipeline/adapters/fwd_encode3.fasta,/tscc/projects/ps-yeolab4/software/skipper/1.99.0/examples/inputs/InvRiL19.fasta,1,/tscc/projects/ps-yeolab3/eboyle/encode/pipeline/adapters/fwd_encode3.fasta,/tscc/projects/ps-yeolab5/encode/processing/rerun_failed/adapters/A03_G07.fasta,CASC3,A03,G07,760,/tscc/nfs/home/bay001/projects/encode/temporary_data/merged_fastqs/760_CLIP_S115_1.A03_G07.demuxed.r1.fq.gz,/tscc/nfs/home/bay001/projects/encode/temporary_data/merged_fastqs/760_CLIP_S115_1.A03_G07.demuxed.r2.fq.gz,/tscc/nfs/home/bay001/projects/encode/temporary_data/demuxed_fastqs/failed.760_INPUT_S114_1.NIL.r1.fq.gz,/tscc/nfs/home/bay001/projects/encode/temporary_data/demuxed_fastqs/failed.760_INPUT_S114_1.NIL.r2.fq.gz
CASC3_HepG2_760,CASC3_HepG2_760,HepG2,1,/tscc/projects/ps-yeolab3/eboyle/encode/pipeline/adapters/fwd_encode3.fasta,/tscc/projects/ps-yeolab4/software/skipper/1.99.0/examples/inputs/InvRiL19.fasta,2,/tscc/projects/ps-yeolab3/eboyle/encode/pipeline/adapters/fwd_encode3.fasta,/tscc/projects/ps-yeolab5/encode/processing/rerun_failed/adapters/A01_B06.fasta,CASC3,A01,B06,760,/tscc/nfs/home/bay001/projects/encode/temporary_data/merged_fastqs/760_CLIP_S115_2.A01_B06.demuxed.r1.fq.gz,/tscc/nfs/home/bay001/projects/encode/temporary_data/merged_fastqs/760_CLIP_S115_2.A01_B06.demuxed.r2.fq.gz,/tscc/nfs/home/bay001/projects/encode/temporary_data/demuxed_fastqs/failed.760_INPUT_S114_1.NIL.r1.fq.gz,/tscc/nfs/home/bay001/projects/encode/temporary_data/demuxed_fastqs/failed.760_INPUT_S114_1.NIL.r2.fq.gz
